timestamp,solar_output_kw,ghi,temp_c,humidity_pct,cloud_cover_pct,wind_speed_ms
2020-05-15 00:00:00,0.0,0.0,25.184316133333333,38,21,17.7
2020-05-15 01:00:00,0.0,0.0,24.621525357142858,44,57,11.0
2020-05-15 02:00:00,0.0,0.0,24.936930466666663,48,75,4.7
2020-05-15 03:00:00,0.0,0.0,25.016309428571425,50,65,5.8
2020-05-15 04:00:00,0.0,0.0,24.6789022,55,46,5.0
2020-05-15 05:00:00,0.0,0.0,24.1771058,61,6,7.9
2020-05-15 06:00:00,1238.727678577,0.0058869571866666,24.088446066666663,60,82,10.7
2020-05-15 07:00:00,4262.353630924999,0.1419404433333333,24.5373984,54,20,13.0
2020-05-15 08:00:00,9110.83610115,0.2016386213333333,25.41951306666667,45,1,10.2
2020-05-15 09:00:00,12302.17366075,0.6231526486666666,27.6209698,36,24,8.4
2020-05-15 10:00:00,14292.24223215,0.670675372,28.632191866666663,31,43,8.5
2020-05-15 11:00:00,16557.2865473,0.6365608813333332,29.410819333333336,27,76,8.6
2020-05-15 12:00:00,18885.107737825,0.5149625866666667,31.305375066666663,22,82,8.4
2020-05-15 13:00:00,15327.566071500001,0.4160351014285714,32.622796071428574,19,28,8.8
2020-05-15 14:00:00,19202.96598215,0.7350834633333333,33.763185400000005,18,45,9.5
2020-05-15 15:00:00,13380.3696428,0.3988885433333333,33.89057606666666,18,83,9.5
2020-05-15 16:00:00,9580.4733631,0.3581823699999999,34.38115033333334,18,95,10.5
2020-05-15 17:00:00,3357.5050595375,0.1668127414285714,33.443313571428575,24,93,10.8
2020-05-15 18:00:00,210.13214285875,0.0225449364285714,31.13241364285714,24,51,8.6
2020-05-15 19:00:00,0.0,0.0,27.455975400000003,29,37,5.3
2020-05-15 20:00:00,0.0,0.0,22.66317964285714,28,66,10.0
2020-05-15 21:00:00,0.0,0.0,22.168518066666667,33,23,8.2
2020-05-15 22:00:00,0.0,0.0,22.22185842857143,34,58,10.0
2020-05-15 23:00:00,0.0,0.0,22.23601830769231,35,60,9.2
2020-05-16 02:00:00,0.0,0.0,21.68216,40,22,12.6
2020-05-16 03:00:00,0.0,0.0,21.6459126,40,24,10.5
2020-05-16 04:00:00,0.0,0.0,21.85855535714285,43,23,9.9
2020-05-16 05:00:00,0.0,0.0,21.93278,63,66,5.8
2020-05-16 06:00:00,1187.89999997275,0.0062059593785714,21.9232375,62,88,7.1
2020-05-16 07:00:00,5082.67142855,0.1090379683333333,22.45271393333333,58,84,8.0
2020-05-16 08:00:00,11535.70089285,0.2980529893333333,23.8905234,51,91,8.0
2020-05-16 09:00:00,13702.236607175,0.4611857686666666,25.999422266666667,45,98,7.3
2020-05-16 10:00:00,17335.01562495,0.491453022,27.611354533333337,39,100,6.9
2020-05-16 11:00:00,17061.490624949998,0.5752638966666666,29.1554974,35,99,8.0
2020-05-16 12:00:00,20465.747767475,0.6620043019999999,30.089862066666665,32,100,8.0
2020-05-16 13:00:00,18734.008036,0.636164586,31.31397713333333,30,100,6.5
2020-05-16 14:00:00,15922.526785675,0.435684946,31.423628733333334,30,100,6.3
2020-05-16 15:00:00,11875.821428625,0.5036263826666665,32.436879733333335,30,100,8.0
2020-05-16 16:00:00,5959.491071425,0.2276812526666666,32.029101733333334,28,99,2.3
2020-05-16 17:00:00,2952.0566964275,0.1337432077333333,31.747082466666665,28,98,9.7
2020-05-16 18:00:00,275.2883928625,0.0262128633333333,30.311684133333333,37,100,10.3
2020-05-16 19:00:00,0.0,0.0,28.310195785714285,52,98,5.6
2020-05-16 20:00:00,0.0,0.0,26.941198600000003,57,100,13.1
2020-05-16 21:00:00,0.0,0.0,26.0082478,58,100,11.4
2020-05-16 22:00:00,0.0,0.0,25.0534728,57,99,8.5
2020-05-16 23:00:00,0.0,0.0,24.461625066666663,58,99,7.1
2020-05-17 00:00:00,0.0,0.0,24.170165933333333,59,100,9.5
2020-05-17 01:00:00,0.0,0.0,23.879315066666667,60,100,7.8
2020-05-17 02:00:00,0.0,0.0,23.5248778,60,100,7.8
2020-05-17 03:00:00,0.0,0.0,23.317295400000003,65,100,15.8
2020-05-17 04:00:00,0.0,0.0,22.86391193333333,69,100,11.8
2020-05-17 05:00:00,0.0,0.0,22.567999266666664,78,100,4.0
2020-05-17 06:00:00,777.219642865,0.00478462602,22.69311313333333,77,100,6.6
2020-05-17 07:00:00,5937.74821435,0.1069960559333333,23.29249893333333,68,100,8.9
2020-05-17 08:00:00,12564.4558036,0.3787024119999999,25.0617614,57,100,9.2
2020-05-17 09:00:00,17692.66473235,0.5760844593333334,27.683191,49,100,9.1
2020-05-17 10:00:00,22159.221429125,0.7535374446666667,30.091312666666663,42,100,8.7
2020-05-17 11:00:00,25013.164582875,0.8123890526666666,31.16485806666667,38,100,9.0
2020-05-17 12:00:00,20181.87008905,0.635450962,32.495967666666665,33,99,8.7
2020-05-17 13:00:00,16702.277678325,0.4224988753333333,33.88692626666666,30,99,8.6
2020-05-17 14:00:00,15158.1178571,0.6977725753333333,34.48483913333333,41,97,16.5
2020-05-17 15:00:00,15370.110267850001,0.6836362013333332,35.109771733333325,42,100,16.6
2020-05-17 16:00:00,10250.1885417,0.4533658826666666,34.73750799999999,38,99,10.2
2020-05-17 17:00:00,3198.65133921,0.1410015502666666,28.750748666666663,31,98,9.9
2020-05-17 18:00:00,238.1571428575,0.0236255477666666,26.354187066666668,42,100,1.5
2020-05-17 19:00:00,0.0,0.0,25.8602378,44,100,18.1
2020-05-17 20:00:00,0.0,0.0,25.671177266666668,49,100,14.4
2020-05-17 21:00:00,0.0,0.0,25.382098400000004,50,100,14.1
2020-05-17 22:00:00,0.0,0.0,21.237546733333332,52,100,13.8
2020-05-17 23:00:00,0.0,0.0,21.2205322,53,100,12.6
2020-05-18 00:00:00,0.0,0.0,21.1556906,55,100,12.8
2020-05-18 01:00:00,0.0,0.0,21.070792666666662,57,100,12.0
2020-05-18 02:00:00,0.0,0.0,20.969343142857145,59,99,11.7
2020-05-18 03:00:00,0.0,0.0,21.25834353333333,61,93,9.3
2020-05-18 04:00:00,0.0,0.0,21.4589906,64,67,8.8
2020-05-18 05:00:00,0.0,0.0,21.00024833333333,75,66,12.0
2020-05-18 06:00:00,1253.0294643197499,0.00859414896,21.30836173333333,74,91,12.2
2020-05-18 07:00:00,5165.076785775,0.1175455726666666,21.834507400000003,67,97,14.3
2020-05-18 08:00:00,3438.9758928749998,0.0829558039333333,23.232289466666664,59,88,19.7
2020-05-18 09:00:00,3503.555803525,0.1154349828,23.7412598,49,39,19.5
2020-05-18 10:00:00,6910.933928575,0.112813087,23.8746256,42,52,20.2
2020-05-18 11:00:00,13432.91875005,0.4349046853333333,24.86980793333333,37,99,19.4
2020-05-18 12:00:00,17865.010267849997,0.5623129906666666,25.70663053333333,35,56,18.6
2020-05-18 13:00:00,22601.800892875,0.5673698246666667,27.019004333333328,39,100,25.1
2020-05-18 14:00:00,14792.533482025,0.7235532206666667,28.367100066666666,39,100,20.9
2020-05-18 15:00:00,16316.691964325,0.5478691779999999,27.2929586,32,100,14.2
2020-05-18 16:00:00,9050.29107145,0.4127974533333334,27.823516666666663,29,100,13.0
2020-05-18 17:00:00,3096.951339275,0.1492800746666666,26.624064000000004,23,100,11.9
2020-05-18 18:00:00,314.65758928500003,0.0307901562666666,25.250388666666662,26,100,6.1
2020-05-18 19:00:00,0.0,0.0,24.541290266666667,25,100,10.8
2020-05-18 20:00:00,0.0,0.0,24.3377575,34,100,16.6
2020-05-18 21:00:00,0.0,0.0,23.72655033333333,49,100,26.4
2020-05-18 22:00:00,0.0,0.0,23.088842866666667,58,100,25.3
2020-05-18 23:00:00,0.0,0.0,22.787469466666668,62,100,25.0
2020-05-19 00:00:00,0.0,0.0,22.6109822,64,100,25.2
2020-05-19 01:00:00,0.0,0.0,22.6252198,67,100,23.9
2020-05-19 02:00:00,0.0,0.0,22.759263,71,100,22.6
2020-05-19 03:00:00,0.0,0.0,22.953436333333336,74,97,21.0
2020-05-19 04:00:00,0.0,0.0,23.082743266666665,76,86,20.9
2020-05-19 05:00:00,0.0,0.0,23.351676466666664,78,26,19.5
2020-05-19 06:00:00,530.88125000625,0.00431375216,23.281386399999995,76,100,19.4
2020-05-19 07:00:00,5957.144196475,0.1720124636666667,24.034554,70,100,23.6
2020-05-19 08:00:00,6887.954910725,0.1312115527333333,25.179372266666665,62,100,25.9
2020-05-19 09:00:00,14587.594642825,0.386892012,26.1215332,51,52,25.7
2020-05-19 10:00:00,15944.082589275,0.4921659633333334,27.60525313333333,42,53,26.1
2020-05-19 11:00:00,15517.661706166667,0.813000858,28.1994974,32,98,25.7
2020-05-19 12:00:00,22905.2583333,906.0,37.9,27,100,26.2
2020-05-19 13:00:00,18939.955803625002,0.7019433013333334,30.105845400000003,24,100,25.0
2020-05-19 14:00:00,20651.58035695,0.6448023653333332,29.9116638,20,100,22.9
2020-05-19 15:00:00,13673.59910715,0.5274703919999999,30.22064013333333,19,100,22.7
2020-05-19 16:00:00,10035.907142875,0.4615756146666666,29.7693278,19,100,20.8
2020-05-19 17:00:00,2762.6129464225,0.1892608939999999,29.096531133333336,19,100,18.8
2020-05-19 18:00:00,0.43437499999999996,0.0015752938426666,25.0463766,20,100,13.8
2020-05-19 19:00:00,0.0,0.0,22.450284866666667,47,100,25.9
2020-05-19 20:00:00,0.0,0.0,22.388783866666664,54,100,27.5
2020-05-19 21:00:00,0.0,0.0,24.02257421428571,56,100,27.1
2020-05-19 22:00:00,0.0,0.0,23.6713298,60,25,28.3
2020-05-19 23:00:00,0.0,0.0,23.23081673333333,63,41,28.6
2020-05-20 00:00:00,0.0,0.0,22.46528513333333,69,37,27.0
2020-05-20 01:00:00,0.0,0.0,22.19119053333333,73,100,24.6
2020-05-20 02:00:00,0.0,0.0,22.175140333333335,76,97,24.8
2020-05-20 03:00:00,0.0,0.0,21.921218,78,100,23.4
2020-05-20 04:00:00,0.0,0.0,22.133602066666665,79,96,20.6
2020-05-20 05:00:00,0.0,0.0,21.985909,77,100,21.0
2020-05-20 06:00:00,1177.1825893015,0.0090117260933333,21.3480144,75,98,22.0
2020-05-20 07:00:00,6402.7839286,0.1320388563333333,22.4990804,68,97,24.4
2020-05-20 08:00:00,13415.479464375,0.3905848053333332,24.471148666666664,59,96,23.9
2020-05-20 09:00:00,18595.89732145,0.5750738046666666,26.4731404,48,99,23.9
2020-05-20 10:00:00,23186.894196524998,0.7516814453333333,28.077587800000003,40,98,23.0
2020-05-20 11:00:00,25946.05267875,0.8488509206666665,29.315938266666667,33,98,21.4
2020-05-20 12:00:00,27325.8986605,0.9661854566666668,30.521348066666665,28,96,19.3
2020-05-20 13:00:00,25460.979226,0.8978028199999998,31.393697066666668,25,98,17.5
2020-05-20 17:00:00,3660.5080356999997,199.0,37.9,18,98,12.9
2020-05-20 18:00:00,660.2093750015,0.0601320612666666,28.524298066666667,21,95,8.0
2020-05-20 19:00:00,0.0,0.0,26.715222,25,96,15.6
2020-05-20 20:00:00,0.0,0.0,25.68150633333333,29,96,24.0
2020-05-20 21:00:00,0.0,0.0,24.91609842857143,51,94,25.5
2020-05-20 22:00:00,0.0,0.0,24.3762818,60,96,25.4
2020-05-21 07:00:00,7494.9,159.0,27.7,68,86,18.0
2020-05-21 08:00:00,12920.261517925,0.3646781813333333,23.96825553333333,58,95,17.8
2020-05-21 09:00:00,19776.097767825,0.6302828366666666,26.186218200000003,47,85,16.8
2020-05-21 10:00:00,17933.296249625,0.70056636,28.20780033333333,38,81,16.3
2020-05-21 11:00:00,25497.74330315,0.7235343293333333,29.207837,31,84,15.4
2020-05-21 12:00:00,21382.785714625003,0.892777234,30.676135400000003,25,40,13.8
2020-05-21 13:00:00,23835.03464285,0.8004696066666667,31.3942708,22,31,12.5
2020-05-21 14:00:00,18067.868303850002,0.741254446,32.05471386666667,20,30,11.7
2020-05-21 15:00:00,15037.573958425,0.7409205246666666,32.33336766666667,19,43,10.2
2020-05-21 16:00:00,7633.7669643,0.273557416,31.600370266666665,18,43,9.7
2020-05-21 17:00:00,1519.7816964325,0.0705414855,29.904103,19,16,8.8
2020-05-21 18:00:00,207.67723214,0.0212870691999999,27.727758666666663,22,16,7.8
2020-05-21 19:00:00,0.0,0.0,26.84853057142857,25,8,13.3
2020-05-21 20:00:00,0.0,0.0,25.5864014,28,15,13.8
2020-05-21 21:00:00,0.0,0.0,24.680324266666663,40,2,21.6
2020-05-21 22:00:00,0.0,0.0,24.26367993333333,53,26,22.9
2020-05-21 23:00:00,0.0,0.0,23.978326266666667,61,25,23.2
2020-05-22 00:00:00,0.0,0.0,23.760593466666663,67,6,22.6
2020-05-22 01:00:00,0.0,0.0,23.470836,71,20,23.8
2020-05-22 02:00:00,0.0,0.0,23.441861933333332,75,29,22.7
2020-05-22 03:00:00,0.0,0.0,23.297208666666663,76,42,22.4
2020-05-22 04:00:00,0.0,0.0,22.94258413333333,74,23,17.7
2020-05-22 05:00:00,0.0,0.0,22.9109844,73,4,17.7
2020-05-22 06:00:00,1534.4258928975,0.0168548558266666,22.815523266666663,74,26,19.4
2020-05-22 07:00:00,7574.01517855,0.1108917472,23.4338724,68,18,20.2
2020-05-22 08:00:00,8745.7433035,0.3929178906666667,25.088962666666667,59,53,17.6
2020-05-22 09:00:00,12165.643125025,0.3730011899999999,25.96112293333333,49,50,17.0
2020-05-22 10:00:00,16376.926339225,0.5426874133333333,27.585662733333333,40,0,15.9
2020-05-22 11:00:00,22024.643392375,0.608488516,28.880098533333335,33,86,13.4
2020-05-22 12:00:00,23474.306250125,1.0318606821428573,30.824835714285715,27,78,9.7
2020-05-22 13:00:00,22485.00074445,0.8148439080000001,31.3189554,22,24,6.1
2020-05-22 14:00:00,21292.280356625,0.7605472914285714,31.882248142857144,19,19,5.1
2020-05-22 15:00:00,13405.663392925,0.7279374373333332,33.00463246666666,18,13,3.8
2020-05-22 16:00:00,5463.324553625,0.223404308,31.29693813333333,18,34,2.6
2020-05-22 17:00:00,2206.550000045,0.1132172194666666,29.57108153333333,15,20,3.5
2020-05-22 18:00:00,209.00446428825,0.0214036318666666,28.510609933333328,21,15,5.9
2020-05-22 19:00:00,0.0,0.0,27.590226266666665,23,19,8.2
2020-05-22 20:00:00,0.0,0.0,26.857729285714285,25,22,10.0
2020-05-22 21:00:00,0.0,0.0,26.475219733333333,31,23,9.2
2020-05-22 22:00:00,0.0,0.0,23.9790038,36,3,17.1
2020-05-22 23:00:00,0.0,0.0,22.361055333333333,50,2,18.4
2020-05-23 00:00:00,0.0,0.0,21.7191894,59,2,17.3
2020-05-23 01:00:00,0.0,0.0,21.45861,62,28,19.4
2020-05-23 02:00:00,0.0,0.0,21.74084266666667,64,29,17.3
2020-05-23 03:00:00,0.0,0.0,21.884334266666663,67,13,16.6
2020-05-23 04:00:00,0.0,0.0,22.128173866666668,69,0,16.0
2020-05-23 05:00:00,0.0,0.0,21.92008673333333,72,25,13.3
2020-05-23 06:00:00,1419.49333332,17.0,27.9,71,0,13.4
2020-05-23 07:00:00,5404.6254465249995,0.0697883706,22.4054382,65,0,15.5
2020-05-23 08:00:00,14317.512500025001,0.3245409046666666,23.89814073333333,54,0,14.1
2020-05-23 09:00:00,18474.21607135,0.6137954226666666,26.8544944,44,0,11.4
2020-05-23 10:00:00,19569.261160825,0.6737647459999999,28.074165800000003,37,0,11.0
2020-05-23 11:00:00,26037.875892625,0.8011747426666667,28.8662964,30,2,10.4
2020-05-23 12:00:00,25121.8383922,0.962423294,30.6108378,25,25,8.2
2020-05-23 13:00:00,25208.152678500002,0.7916552700000001,31.304307266666665,21,24,5.4
2020-05-23 14:00:00,17793.86473235,0.7815910821428571,33.13893985714286,19,32,2.4
2020-05-23 15:00:00,16103.974107125,0.4040820713333333,32.41062673333334,19,28,2.8
2020-05-23 16:00:00,11821.058482225,0.49096055,33.424020071428565,18,47,10.6
2020-05-23 17:00:00,5242.64999995,0.246215918,31.265974933333336,16,55,5.6
2020-05-23 18:00:00,1021.16919644725,0.0927983004,29.4934264,21,74,6.0
2020-05-23 19:00:00,0.0,0.0,27.82643613333333,22,56,8.8
2020-05-23 20:00:00,0.0,0.0,26.9254904,23,40,8.9
2020-05-23 21:00:00,0.0,0.0,26.2500794,27,51,6.9
2020-05-23 22:00:00,0.0,0.0,25.7736,38,32,24.6
2020-05-23 23:00:00,0.0,0.0,25.1337626,61,11,24.5
2020-05-24 00:00:00,0.0,0.0,24.6906805,62,24,20.9
2020-05-24 01:00:00,0.0,0.0,24.2181986,65,15,16.2
2020-05-24 02:00:00,0.0,0.0,24.566530333333333,69,72,14.4
2020-05-24 03:00:00,0.0,0.0,24.0066,72,75,14.1
2020-05-24 04:00:00,0.0,0.0,23.917812133333328,76,59,16.2
2020-05-24 05:00:00,0.0,0.0,23.623785466666668,78,27,15.2
2020-05-24 06:00:00,1304.501785728,0.00961781414,23.151116866666666,74,4,16.2
2020-05-24 07:00:00,6160.5107142,0.1536853939999999,24.416684866666667,67,3,15.8
2020-05-24 08:00:00,11964.18437495,0.3727364353333333,26.23174233333333,57,20,18.4
2020-05-24 09:00:00,15553.22142865,0.5656625413333333,27.152537133333336,45,45,18.4
2020-05-24 10:00:00,19757.70089295,0.5804646173333333,28.242586266666667,35,49,15.1
2020-05-24 11:00:00,24207.755803725002,0.7758027066666667,29.893628,29,3,14.2
2020-05-24 12:00:00,25845.58482125,0.966907858,30.96598713333333,26,11,12.2
2020-05-24 13:00:00,24292.331249825,0.9393533653333334,32.5261004,24,29,9.7
2020-05-24 14:00:00,20013.441517975,0.833392598,33.68083073333334,22,56,6.5
2020-05-24 15:00:00,11661.825,0.6847007353333333,33.76234939999999,22,40,5.4
2020-05-24 16:00:00,8487.37455355,0.2873007813333333,32.72800313333334,21,52,5.2
2020-05-24 17:00:00,5102.262499949999,0.2947314606666666,32.85508646666668,20,48,6.6
2020-05-24 18:00:00,603.7580357100001,0.0456077094,30.75914113333333,24,41,6.3
2020-05-24 19:00:00,0.0,0.0,28.8050252,27,31,6.9
2020-05-24 20:00:00,0.0,0.0,27.463893733333336,27,27,6.6
2020-05-24 21:00:00,0.0,0.0,26.721419200000003,29,30,8.7
2020-05-24 22:00:00,0.0,0.0,24.842502866666667,32,42,11.1
2020-05-24 23:00:00,0.0,0.0,24.308990466666668,64,65,24.7
2020-05-25 00:00:00,0.0,0.0,23.523980866666665,66,72,19.7
2020-05-25 01:00:00,0.0,0.0,23.813157266666668,69,67,15.9
2020-05-25 02:00:00,0.0,0.0,23.74525333333333,72,67,17.0
2020-05-25 03:00:00,0.0,0.0,23.53508313333333,74,2,14.2
2020-05-25 04:00:00,0.0,0.0,23.4719544,76,8,12.1
2020-05-25 05:00:00,0.0,0.0,23.358255866666667,77,14,12.2
2020-05-25 06:00:00,1232.5553571225,0.0142718304615384,22.90438138461538,76,68,16.5
2020-05-25 07:00:00,5681.5236606749995,0.1486546339999999,23.788940466666663,68,65,16.7
2020-05-25 08:00:00,12655.096875025,0.2420931633333333,24.688751333333336,58,63,16.9
2020-05-25 09:00:00,19789.4129465,0.6182257626666666,26.970560666666664,48,60,17.7
2020-05-25 10:00:00,23527.5549109,0.8024272126666667,28.6851826,41,59,16.8
2020-05-25 11:00:00,26121.4129465,0.9131820933333334,30.38230993333333,35,66,14.7
2020-05-25 12:00:00,26869.81517925,0.9652258986666667,31.597302133333333,30,38,10.4
2020-05-25 13:00:00,25356.0965775,0.9453285046666666,32.788692133333335,27,35,7.6
2020-05-25 14:00:00,22260.9071423,0.8607233646666665,33.32365333333333,26,40,6.4
2020-05-25 15:00:00,19038.2294644,0.7549121526666667,34.382596666666664,26,35,5.8
2020-05-25 16:00:00,8237.63303565,0.5514050859999999,34.7056704,25,39,3.4
2020-05-25 17:00:00,1756.8915178525,0.0755440882,32.63336773333333,25,47,1.8
2020-05-25 18:00:00,366.91071429125003,0.0324079431333333,29.405578533333337,27,64,4.2
2020-05-25 19:00:00,0.0,0.0,26.844663285714287,32,37,10.9
2020-05-25 20:00:00,0.0,0.0,25.98317053333333,36,35,11.8
2020-05-25 21:00:00,0.0,0.0,26.74988007142857,39,34,19.1
2020-05-25 22:00:00,0.0,0.0,22.50070593333333,40,45,12.6
2020-05-25 23:00:00,0.0,0.0,22.538633333333337,42,57,10.7
2020-05-26 00:00:00,0.0,0.0,22.329964133333338,42,59,12.4
2020-05-26 01:00:00,0.0,0.0,22.209784,56,75,20.6
2020-05-26 02:00:00,0.0,0.0,22.08363446666667,71,74,19.2
2020-05-26 03:00:00,0.0,0.0,21.34014086666667,76,69,22.1
2020-05-26 04:00:00,0.0,0.0,21.259425642857135,76,76,19.4
2020-05-26 05:00:00,0.0,0.0,21.640612933333333,76,1,15.7
2020-05-26 06:00:00,1324.3334821815,0.0105634890714285,22.495716785714286,75,2,14.8
2020-05-26 07:00:00,6427.474107125,0.1582885586666666,23.54695426666667,67,1,13.0
2020-05-26 08:00:00,13564.181250025,0.3957623673333333,25.354199066666663,58,1,14.1
2020-05-26 09:00:00,19556.60892865,0.6152906573333333,27.205737133333333,49,1,13.7
2020-05-26 10:00:00,23340.60580445,0.8155462639999999,28.9688944,41,0,12.3
2020-05-26 11:00:00,21834.221874725,0.988618098666667,30.10053313333333,34,4,12.0
2020-05-26 12:00:00,23205.121427525,0.6880905792857142,30.900615071428568,30,11,11.6
2020-05-26 13:00:00,21401.853571375003,0.6823728553333333,32.626951000000005,28,39,6.4
2020-05-26 14:00:00,12641.716071325001,0.7188153760000001,33.488021,27,30,6.8
2020-05-26 15:00:00,13133.687946475,0.327377192,32.281588,26,33,7.9
2020-05-26 16:00:00,12265.25178565,0.37085346,33.40587706666668,27,47,5.9
2020-05-26 17:00:00,3434.7571428449996,0.3109964793333333,33.04103613333332,32,60,14.7
2020-05-26 18:00:00,241.129017855,0.0265550992666666,29.59416113333333,33,47,12.0
2020-05-26 19:00:00,0.0,0.0,28.23783153333333,34,37,8.1
2020-05-26 20:00:00,0.0,0.0,25.804827866666667,37,35,11.7
2020-05-26 21:00:00,0.0,0.0,26.739679,43,25,11.0
2020-05-26 22:00:00,0.0,0.0,25.970591266666663,46,20,15.6
2020-05-26 23:00:00,0.0,0.0,25.312601666666662,51,19,16.8
2020-05-27 00:00:00,0.0,0.0,23.350636733333328,54,22,18.9
2020-05-27 01:00:00,0.0,0.0,23.478940714285716,61,25,18.9
2020-05-27 02:00:00,0.0,0.0,23.378357000000005,67,32,16.3
2020-05-27 03:00:00,0.0,0.0,24.209280785714284,71,32,14.8
2020-05-27 04:00:00,0.0,0.0,23.618619666666667,73,10,15.6
2020-05-27 05:00:00,0.0,0.0,23.591532466666663,77,7,16.7
2020-05-27 06:00:00,1531.3783036125,0.0117904483199999,23.21604600000001,74,5,18.4
2020-05-27 07:00:00,6052.281220275,0.1616571346666666,24.464884533333333,67,2,18.0
2020-05-27 08:00:00,12545.611458375,0.3424570506666667,26.1143576,57,2,18.5
2020-05-27 09:00:00,17945.839821524998,0.6134782713333334,27.842344266666668,49,4,17.7
2020-05-27 10:00:00,16245.633928475,0.66640501,29.011586333333334,41,0,16.2
2020-05-27 11:00:00,21970.96324455,0.562169516,29.9996884,34,8,13.7
2020-05-27 12:00:00,18676.310714025,1.0365607706666664,31.9470338,30,16,12.1
2020-05-27 13:00:00,12322.686309525001,0.7174661713333332,32.52562053333333,27,44,11.4
2020-05-27 14:00:00,12308.646577399999,0.3037400713333333,32.31917286666666,25,25,10.4
2020-05-27 15:00:00,12875.821874925,0.3312335933333333,32.9282166,24,26,8.9
2020-05-27 16:00:00,10559.175000025,0.476263588,32.22288606666666,24,43,7.1
2020-05-27 17:00:00,3200.1374999225,0.1805451735714285,30.93136807142857,24,24,8.2
2020-05-27 18:00:00,192.477976195,0.0208843500333333,29.4541402,26,31,4.0
2020-05-27 19:00:00,0.0,0.0,28.091544142857135,27,31,7.7
2020-05-27 20:00:00,0.0,0.0,23.055761666666665,30,29,12.5
2020-05-27 21:00:00,0.0,0.0,23.148819000000003,31,51,20.1
2020-05-27 22:00:00,0.0,0.0,22.935736066666664,46,12,21.8
2020-05-27 23:00:00,0.0,0.0,23.19335942857143,56,38,22.5
2020-05-28 00:00:00,0.0,0.0,23.34788806666667,62,2,20.1
2020-05-28 01:00:00,0.0,0.0,23.027730200000004,66,0,17.6
2020-05-28 02:00:00,0.0,0.0,22.5432046,70,73,16.0
2020-05-28 03:00:00,0.0,0.0,22.416562866666663,72,73,15.9
2020-05-28 04:00:00,0.0,0.0,22.623174933333328,73,80,16.2
2020-05-28 05:00:00,0.0,0.0,22.137520266666662,74,5,17.5
2020-05-28 06:00:00,1434.31250002,0.0112265629133333,21.6234394,71,90,19.2
2020-05-28 07:00:00,6635.57410715,0.1743799119999999,23.251910266666663,63,84,19.4
2020-05-28 08:00:00,13567.5625,0.3905541093333334,25.104416866666664,50,49,18.6
2020-05-28 09:00:00,19467.4785714,0.6186352253333331,27.544490533333327,38,60,18.5
2020-05-28 10:00:00,21559.129017749998,0.8090980026666666,28.899194400000003,29,82,17.7
2020-05-28 11:00:00,26246.422320550002,0.807332034,29.914223333333336,23,88,17.4
2020-05-28 12:00:00,25799.924821875,0.9274572886666668,31.7778442,20,87,16.6
2020-05-28 13:00:00,21679.9477675,1.0082438753333332,32.9157552,19,81,15.7
2020-05-28 14:00:00,16358.20949415,0.718638987,33.757623499999994,18,56,13.9
2020-05-28 15:00:00,17641.11622025,0.7397700273333334,33.397930933333335,18,48,13.3
2020-05-28 16:00:00,8319.532589275,0.206959974,32.85396113333333,18,51,13.0
2020-05-28 17:00:00,4142.4606547675,0.2348828546666666,32.671417266666666,18,12,14.2
2020-05-28 18:00:00,428.19336309525,0.0359229087333333,31.005800533333336,22,63,8.7
2020-05-28 19:00:00,0.0,0.0,28.059818466666663,27,5,10.3
2020-05-28 20:00:00,0.0,0.0,27.13539564285714,29,36,10.0
2020-05-28 21:00:00,0.0,0.0,26.2307618,32,25,10.3
2020-05-28 22:00:00,0.0,0.0,20.845003333333327,40,64,19.9
2020-05-29 06:00:00,2151.15583332,17.0,27.2,76,11,16.0
2020-05-29 07:00:00,4785.124553525,0.1301255426666666,21.432889933333332,69,38,17.7
2020-05-29 08:00:00,9812.829464375,0.2336446046666666,22.677024466666666,57,38,18.1
2020-05-29 09:00:00,16628.970089325,0.4835685933333334,24.37939666666667,47,45,17.9
2020-05-29 10:00:00,23695.1483639,0.6259291153333334,26.661143,39,65,15.9
2020-05-29 11:00:00,23900.585268125,0.89846418,28.989419142857145,34,74,13.8
2020-05-29 12:00:00,24912.453125,0.875959719333333,30.0820658,29,77,11.8
2020-05-29 13:00:00,23608.236607175,0.9750077606666668,31.0336488,26,76,8.9
2020-05-29 14:00:00,17724.811160775,0.4715989833333333,31.294620733333332,24,63,7.1
2020-05-29 15:00:00,15882.94375005,0.5593601680000001,32.37420473333333,23,45,5.9
2020-05-29 16:00:00,11271.644196375,0.484228046,32.45574533333333,23,29,5.6
2020-05-29 17:00:00,4135.4892856675,0.2275632,30.0257304,21,32,8.2
2020-05-29 18:00:00,306.054166665,0.0333130082666666,28.177933666666664,23,21,7.3
2020-05-29 19:00:00,0.0,0.0,26.57452986666667,26,75,7.6
2020-05-29 20:00:00,0.0,0.0,25.53364046666667,28,69,9.9
2020-05-29 21:00:00,0.0,0.0,25.569374466666662,33,49,11.7
2020-05-29 22:00:00,0.0,0.0,25.315657466666668,34,26,10.0
2020-05-29 23:00:00,0.0,0.0,21.58188473333333,38,50,18.9
2020-05-30 00:00:00,0.0,0.0,21.52715873333333,52,21,21.6
2020-05-30 01:00:00,0.0,0.0,21.3210645,61,19,18.1
2020-05-30 02:00:00,0.0,0.0,21.25114333333333,66,23,12.2
2020-05-30 03:00:00,0.0,0.0,21.4183166,69,17,11.5
2020-05-30 04:00:00,0.0,0.0,21.413842733333336,71,11,12.7
2020-05-30 05:00:00,0.0,0.0,21.242486466666666,74,13,11.3
2020-05-30 06:00:00,1222.040624985,0.00783505386,21.150111866666663,73,58,11.7
2020-05-30 07:00:00,4445.184821425,0.1167449068666666,21.786851066666664,67,49,13.2
2020-05-30 08:00:00,7798.385714275,0.2194022685714285,22.792192642857145,57,68,13.3
2020-05-30 09:00:00,10843.975000024999,0.2588894479999999,24.185119466666663,48,74,13.3
2020-05-30 10:00:00,10595.431696374999,0.304070602,24.9230428,40,18,11.7
2020-05-30 11:00:00,17975.58125015,0.4262679866666666,25.07773446666667,33,29,10.9
2020-05-30 12:00:00,24941.030802775,1.151102274,27.0928548,29,82,9.2
2020-05-30 13:00:00,22955.246875124998,0.6454755853333334,28.826908466666666,27,76,8.2
2020-05-30 14:00:00,23375.386606975,0.886393536,29.928074066666667,26,41,6.9
2020-05-30 15:00:00,18361.28705355,0.6983646913333333,30.49638266666667,27,39,7.1
2020-05-30 16:00:00,11219.797767875,0.4816808006666666,31.278884,27,34,8.5
2020-05-30 17:00:00,4755.8383928675,0.2547879166666667,30.710561,29,38,7.4
2020-05-30 18:00:00,521.6120535705,0.0478600682,28.9436726,33,99,9.2
2020-05-30 19:00:00,0.0,0.0,27.338289642857145,35,71,9.1
2020-05-30 20:00:00,0.0,0.0,25.64443966666667,39,56,13.4
2020-05-30 21:00:00,0.0,0.0,24.160494214285716,46,64,10.9
2020-05-30 22:00:00,0.0,0.0,23.26649373333333,48,70,10.9
2020-05-30 23:00:00,0.0,0.0,23.299794533333337,47,47,11.5
2020-05-31 00:00:00,0.0,0.0,23.113399266666665,48,40,11.2
2020-05-31 01:00:00,0.0,0.0,23.73268626666667,49,36,10.1
2020-05-31 02:00:00,0.0,0.0,23.439050266666666,51,28,8.2
2020-05-31 03:00:00,0.0,0.0,22.88455606666667,52,27,7.1
2020-05-31 04:00:00,0.0,0.0,22.537526466666662,53,42,4.8
2020-05-31 05:00:00,0.0,0.0,22.04795533333333,62,63,4.9
2020-05-31 06:00:00,1286.56294646375,0.0092814357466666,21.98220433333333,62,89,5.0
2020-05-31 07:00:00,3645.934821475,0.0824505469333333,22.765519200000004,61,94,8.7
2020-05-31 08:00:00,9469.008482075,0.1821268135714285,23.507492071428576,61,100,7.4
2020-05-31 09:00:00,14569.51026785,0.5058525086666666,25.1560954,54,86,8.4
2020-05-31 10:00:00,20735.7522326,0.472579002,26.7760782,48,99,7.3
2020-05-31 11:00:00,20510.125000275002,0.5205349913333333,28.0176412,50,100,6.0
2020-05-31 12:00:00,20129.71607115,0.6356642493333334,29.261606933333333,47,77,3.7
2020-05-31 13:00:00,14119.450000025001,0.6815564133333333,30.402663066666666,43,93,5.0
2020-05-31 14:00:00,12751.49464285,0.8758627453333333,30.8515666,39,100,8.4
2020-05-31 15:00:00,5693.608035775,0.1418597668571428,27.56227564285714,71,100,13.6
2020-05-31 16:00:00,4728.608035725,0.1990470293333333,27.55705773333333,55,100,4.6
2020-05-31 17:00:00,3335.9723214,0.1329208607142857,28.140496428571428,41,100,4.3
2020-05-31 18:00:00,509.0508928535,0.0467072187333333,27.548073266666663,42,100,1.8
2020-05-31 19:00:00,0.0,0.0,26.167299333333336,44,100,5.2
2020-05-31 20:00:00,0.0,0.0,25.0992248,47,99,8.3
2020-05-31 21:00:00,0.0,0.0,24.463079733333327,52,65,9.0
2020-05-31 22:00:00,0.0,0.0,23.910445066666668,55,84,9.2
2020-05-31 23:00:00,0.0,0.0,23.795434466666663,73,98,9.9
2020-06-01 00:00:00,0.0,0.0,23.128673000000003,76,99,4.6
2020-06-01 01:00:00,0.0,0.0,22.611436000000005,77,97,7.4
2020-06-01 02:00:00,0.0,0.0,21.993119266666667,89,98,12.7
2020-06-01 03:00:00,0.0,0.0,21.76579393333333,89,100,11.4
2020-06-01 04:00:00,0.0,0.0,21.497992,89,100,7.6
2020-06-01 05:00:00,0.0,0.0,21.234995533333333,89,100,4.4
2020-06-01 06:00:00,1626.0625000205,0.0083067844,21.2783936,89,97,0.8
2020-06-01 07:00:00,7743.6352678,0.1611515566666666,22.773608333333332,83,92,1.6
2020-06-01 08:00:00,13150.122321474999,0.4699400059999999,24.854911266666665,72,93,3.1
2020-06-01 09:00:00,14251.8558036,0.5360867057142857,26.705200071428568,64,98,2.3
2020-06-01 10:00:00,21428.87276745,0.5835384213333334,27.853426133333333,58,98,4.3
2020-06-01 11:00:00,20818.55535625,1.016641412,29.58492026666667,53,97,5.4
2020-06-01 12:00:00,12748.7294643,0.3569624046666666,28.940915933333333,50,99,6.3
2020-06-01 13:00:00,17466.475893225,0.4579382833333333,28.995208666666663,48,100,5.6
2020-06-01 14:00:00,7646.552678525,0.1937693263333333,28.7127584,44,94,3.1
2020-06-01 15:00:00,4363.589732075,0.1836250126666666,26.8806398,44,86,1.4
2020-06-01 16:00:00,3763.094196475,0.1077558996666666,26.572758,55,87,13.0
2020-06-01 17:00:00,1968.433928605,0.0866831524666666,26.14214893333333,44,96,5.0
2020-06-01 18:00:00,446.8950892875,0.0397878830714285,25.591053357142854,80,97,15.2
2020-06-01 19:00:00,0.0,0.0,24.846169133333333,79,97,8.7
2020-06-01 20:00:00,0.0,0.0,23.947261533333336,85,99,7.6
2020-06-01 21:00:00,0.0,0.0,23.645367466666663,88,100,13.1
2020-06-01 22:00:00,0.0,0.0,23.199686666666665,91,100,8.0
2020-06-01 23:00:00,0.0,0.0,22.48435466666667,94,100,4.9
2020-06-02 00:00:00,0.0,0.0,22.54657193333333,94,100,2.6
2020-06-02 01:00:00,0.0,0.0,22.119201642857146,95,100,7.1
2020-06-02 02:00:00,0.0,0.0,21.683178800000004,95,100,4.8
2020-06-02 03:00:00,0.0,0.0,21.4014854,95,100,3.2
2020-06-02 04:00:00,0.0,0.0,21.408616066666664,93,100,3.6
2020-06-02 05:00:00,0.0,0.0,21.7093078,93,100,4.0
2020-06-02 06:00:00,943.308482146,0.0079012560333333,21.586885533333334,93,98,4.2
2020-06-02 07:00:00,4245.05848215,0.117114942,22.607889933333336,88,93,5.9
2020-06-02 08:00:00,15104.83660715,0.278052918,24.027254133333333,79,99,8.4
2020-06-02 09:00:00,18801.330357175,0.4845541833333333,26.1504356,69,97,11.7
2020-06-02 10:00:00,17603.222321425,0.7029814421428571,27.539448499999995,57,87,11.5
2020-06-02 11:00:00,15477.872767875,0.67195934,27.677307066666668,55,80,13.4
2020-06-02 12:00:00,20288.8071423,0.5638615457142857,27.46658328571429,50,19,13.3
2020-06-02 13:00:00,25382.695536175,0.8852643266666665,27.964561,45,31,17.3
2020-06-02 14:00:00,17136.671874975,0.4637642506666667,27.262479733333336,61,65,22.7
2020-06-02 15:00:00,13213.721874974999,0.4526467746666667,27.04379893333333,50,69,23.8
2020-06-02 16:00:00,10513.118749975,0.4788621826666666,26.6184204,60,94,17.1
2020-06-02 17:00:00,3151.72767861,0.1890867986666666,25.5590068,58,95,9.0
2020-06-02 18:00:00,304.52083333275,0.0277481900666666,24.707338533333328,58,59,6.3
2020-06-02 19:00:00,0.0,0.0,24.41660966666667,61,74,5.1
2020-06-02 20:00:00,0.0,0.0,23.870035866666665,63,85,4.6
2020-06-02 21:00:00,0.0,0.0,23.181156533333333,61,94,11.2
2020-06-02 22:00:00,0.0,0.0,23.1034912,62,99,12.9
2020-06-02 23:00:00,0.0,0.0,23.029817857142856,64,99,10.0
2020-06-03 00:00:00,0.0,0.0,23.1571288,67,100,9.6
2020-06-03 01:00:00,0.0,0.0,22.704483933333336,67,100,12.2
2020-06-03 02:00:00,0.0,0.0,22.842895466666665,68,100,14.8
2020-06-03 03:00:00,0.0,0.0,22.44995926666667,68,96,13.3
2020-06-03 04:00:00,0.0,0.0,22.364552866666667,70,90,12.3
2020-06-03 05:00:00,0.0,0.0,22.29955246666667,69,92,10.2
2020-06-03 06:00:00,1016.53080357325,0.0066135848333333,21.8664428,67,100,9.2
2020-06-03 07:00:00,5256.778571475,0.099085612,22.39704986666667,66,97,11.6
2020-06-03 08:00:00,9943.351339325,0.3050666364285714,24.27014585714286,60,98,15.9
2020-06-03 09:00:00,13076.4705357,0.4392469226666666,25.790447933333336,61,100,16.6
2020-06-03 10:00:00,16980.487946575,0.401583068,25.976375266666665,58,100,17.8
2020-06-03 11:00:00,23031.450893375,0.7143712646666666,27.96947633333333,60,100,15.5
2020-06-03 12:00:00,23224.566964999998,0.663942404,28.481665066666665,54,100,18.2
2020-06-03 13:00:00,21237.59702355,0.7998929533333332,29.06769213333333,48,99,20.7
2020-06-03 14:00:00,16377.019196550002,423.0,32.1,47,100,23.2
2020-06-03 15:00:00,19062.454017775002,0.867350566,28.8466328,52,100,20.5
2020-06-03 16:00:00,8594.765625,0.3453362106666667,27.406433066666665,51,100,22.3
2020-06-03 17:00:00,6224.529464175001,0.3938906479999999,27.07719326666667,49,100,17.3
2020-06-03 18:00:00,601.0982142865,0.0555260570666666,25.628292,52,100,15.0
2020-06-03 19:00:00,0.0,0.0,24.47928673333333,54,100,14.8
2020-06-03 20:00:00,0.0,0.0,23.7355346,59,100,18.7
2020-06-03 21:00:00,0.0,0.0,23.581404733333333,63,100,15.5
2020-06-03 22:00:00,0.0,0.0,23.12093293333333,67,100,14.0
2020-06-03 23:00:00,0.0,0.0,23.29439086666667,69,99,15.1
2020-06-04 00:00:00,0.0,0.0,23.232509466666663,71,98,15.8
2020-06-04 01:00:00,0.0,0.0,23.04567046666667,74,96,14.5
2020-06-04 02:00:00,0.0,0.0,22.99037886666667,76,97,14.7
2020-06-04 03:00:00,0.0,0.0,22.51006266666667,77,97,13.2
2020-06-04 04:00:00,0.0,0.0,21.814058571428568,77,95,12.6
2020-06-04 05:00:00,0.0,0.0,22.10740133333333,77,96,12.5
2020-06-04 06:00:00,1278.90223213925,0.00815802132,22.37077833333333,75,96,13.5
2020-06-04 07:00:00,5570.7785714500005,0.1541802237333333,22.91924653333333,76,97,14.3
2020-06-04 08:00:00,11562.5191964,0.3536178413333332,24.827956066666665,71,98,15.3
2020-06-04 09:00:00,14879.25669645,0.5240877666666666,26.23224886666667,74,98,15.6
2020-06-04 10:00:00,21361.051339225,0.6935108126666668,27.51010546666667,61,93,21.4
2020-06-04 11:00:00,21364.83526785,0.7482029,28.900441466666667,54,85,18.0
2020-06-04 12:00:00,21519.171875699998,0.8495404559999999,29.428778066666663,48,29,20.6
2020-06-04 13:00:00,23619.621429275,0.9989916353333332,30.0188802,46,83,21.6
2020-06-04 14:00:00,17518.933482175,0.638300066,29.892468333333333,58,69,22.9
2020-06-04 15:00:00,19626.6017855,0.828218792857143,29.316604714285717,50,41,22.9
2020-06-04 16:00:00,13083.04017855,0.5470587466666667,28.524460866666665,51,97,21.7
2020-06-04 17:00:00,6913.1727679,0.2966284521428571,27.408913857142856,51,99,22.0
2020-06-04 18:00:00,645.91235119525,0.0703570209333333,26.4737508,55,100,17.9
2020-06-04 19:00:00,0.0,0.0,24.911574333333327,56,100,18.6
2020-06-04 20:00:00,0.0,0.0,24.203576466666668,60,100,19.7
2020-06-04 21:00:00,0.0,0.0,23.622412133333327,64,98,16.7
2020-06-04 22:00:00,0.0,0.0,23.249265666666663,68,98,14.1
2020-06-04 23:00:00,0.0,0.0,22.668090866666663,71,95,14.1
2020-06-05 00:00:00,0.0,0.0,22.369673533333334,74,93,15.1
2020-06-05 01:00:00,0.0,0.0,22.390741066666664,77,94,14.8
2020-06-05 02:00:00,0.0,0.0,22.032619133333327,80,93,13.9
2020-06-05 03:00:00,0.0,0.0,21.960252,82,70,13.3
2020-06-05 04:00:00,0.0,0.0,21.81910206666667,84,22,12.0
2020-06-05 05:00:00,0.0,0.0,21.4732484,82,30,8.6
2020-06-05 06:00:00,1251.48973217075,0.0091445350066666,21.581693466666664,80,38,8.4
2020-06-05 07:00:00,4231.051785725,0.1046293030666666,22.578601066666668,74,79,14.6
2020-06-05 08:00:00,12103.00535715,0.2060087846666666,23.45101913333333,65,85,17.4
2020-06-05 09:00:00,17026.040624825,0.4937874026666666,26.1081848,62,73,18.4
2020-06-05 10:00:00,20072.999107825002,0.7867404085714285,27.44654421428572,58,32,17.6
2020-06-05 11:00:00,23655.979018525002,0.6841737733333335,27.55344846666667,52,31,16.6
2020-06-05 12:00:00,9908.3946428,0.3794895364285714,28.726664714285715,51,30,17.7
2020-06-05 13:00:00,21420.004463924997,0.549665794,24.98657813333333,48,27,16.4
2020-06-05 14:00:00,21716.605357525,0.88675423,29.018203714285715,46,26,16.6
2020-06-05 15:00:00,15494.025000075,0.6257630746666667,29.9443218,45,29,20.2
2020-06-05 16:00:00,13274.6767856,0.5304860364285712,29.360011642857145,47,80,20.5
2020-06-05 17:00:00,7514.90357145,0.2911635239999999,28.383642466666668,44,90,19.8
2020-06-05 18:00:00,974.363541626,0.0959535507857142,27.676138642857143,51,98,20.3
2020-06-05 19:00:00,0.0,0.0,25.31771846666667,58,100,17.7
2020-06-05 20:00:00,0.0,0.0,24.40181171428572,61,100,16.3
2020-06-05 21:00:00,0.0,0.0,23.661025,63,100,16.8
2020-06-05 22:00:00,0.0,0.0,23.249294066666664,67,96,16.5
2020-06-05 23:00:00,0.0,0.0,22.555259266666667,69,93,16.3
2020-06-06 00:00:00,0.0,0.0,22.4748738,74,80,18.4
2020-06-06 01:00:00,0.0,0.0,22.207804266666663,79,53,18.7
2020-06-06 02:00:00,0.0,0.0,21.92101433333333,82,62,16.3
2020-06-06 03:00:00,0.0,0.0,21.51942878571429,82,83,12.7
2020-06-06 04:00:00,0.0,0.0,21.469618733333327,83,91,11.5
2020-06-06 05:00:00,0.0,0.0,20.971514,84,34,11.4
2020-06-06 06:00:00,1474.725892855,0.0112804514933333,20.426454666666668,82,92,11.6
2020-06-06 07:00:00,7763.867410675,0.241690604,22.418231133333336,74,91,12.3
2020-06-06 08:00:00,12759.042857100001,0.4089987206666667,24.8309816,65,87,13.7
2020-06-06 09:00:00,13555.2321429,0.2645778099999999,26.346307466666666,55,90,13.8
2020-06-06 10:00:00,19772.46428585,0.7896276833333333,27.516166266666666,49,66,15.9
2020-06-06 11:00:00,18350.3406245,0.833716566,29.0410462,47,70,15.9
2020-06-06 12:00:00,19198.5035715,0.6368961286666666,28.9149232,43,43,15.2
2020-06-06 13:00:00,18900.3008931,0.9654513833333332,30.398728400000003,41,30,14.4
2020-06-06 14:00:00,14231.3772329,0.456957692,28.25725513333333,39,18,15.1
2020-06-06 15:00:00,8988.941071475001,0.254934934,25.10567633333333,39,24,17.3
2020-06-06 16:00:00,3691.929910775,0.1760581826666666,26.31139526666667,39,30,17.3
2020-06-06 17:00:00,1253.97232143,0.0596414616666666,24.9111592,39,34,21.7
2020-06-06 18:00:00,142.43303571925,0.0164651889285714,24.214307571428574,42,62,16.6
2020-06-06 19:00:00,0.0,0.0,23.388924066666664,49,67,18.7
2020-06-06 20:00:00,0.0,0.0,22.435105266666664,52,45,17.9
2020-06-06 21:00:00,0.0,0.0,22.1833922,59,54,21.8
2020-06-06 22:00:00,0.0,0.0,22.19037266666667,64,63,22.4
2020-06-06 23:00:00,0.0,0.0,22.125963571428567,69,82,20.7
2020-06-07 00:00:00,0.0,0.0,22.05573953333333,73,95,19.6
2020-06-07 01:00:00,0.0,0.0,22.26318146666667,78,98,18.5
2020-06-07 02:00:00,0.0,0.0,22.1836792,80,98,17.3
2020-06-07 03:00:00,0.0,0.0,21.9359068,82,12,16.6
2020-06-07 04:00:00,0.0,0.0,21.918208866666667,84,29,13.7
2020-06-07 05:00:00,0.0,0.0,21.97220246666667,82,26,10.4
2020-06-07 06:00:00,1460.5549107,0.0071169433199999,22.086163266666663,79,6,9.7
2020-06-07 07:00:00,4404.36919645,0.1285492849999999,22.4537842,73,12,13.4
2020-06-07 08:00:00,8392.256696475,0.2271388021428571,22.874956357142857,63,19,16.7
2020-06-07 09:00:00,16523.571874975,0.6309158766666667,23.9829488,56,22,18.9
2020-06-07 10:00:00,19974.54732105,0.4554531606666666,24.88059273333333,51,17,17.6
2020-06-07 11:00:00,25593.988393075,0.8485740693333333,27.075844133333334,44,68,17.8
2020-06-07 12:00:00,24268.216518175002,1.017537535,28.042243,41,82,17.5
2020-06-07 13:00:00,17341.53973185,0.9434325606666668,30.082822666666665,40,90,18.4
2020-06-07 14:00:00,15918.724999869999,0.7634629593333334,29.934474666666667,37,87,18.7
2020-06-07 15:00:00,16338.513839325002,0.62916335,30.049153666666665,58,98,30.2
2020-06-07 16:00:00,11828.953124925,0.5092201013333332,30.24165666666667,56,99,20.2
2020-06-07 17:00:00,5443.10267865,0.2442546013333333,28.939170133333327,52,99,21.6
2020-06-07 18:00:00,546.53437500225,0.0459691700666666,26.890378866666666,48,100,17.3
2020-06-07 19:00:00,0.0,0.0,25.26825146666667,52,98,18.3
2020-06-07 20:00:00,0.0,0.0,24.214486357142857,53,89,20.6
2020-06-07 21:00:00,0.0,0.0,23.908459466666663,55,85,22.3
2020-06-07 22:00:00,0.0,0.0,23.3559875,59,97,21.0
2020-06-07 23:00:00,0.0,0.0,23.136674066666668,63,94,20.6
2020-06-08 00:00:00,0.0,0.0,23.31643,67,75,20.0
2020-06-08 01:00:00,0.0,0.0,22.663851,71,91,19.9
2020-06-08 02:00:00,0.0,0.0,22.550337733333336,75,94,19.1
2020-06-08 03:00:00,0.0,0.0,22.250909466666663,78,91,20.5
2020-06-08 04:00:00,0.0,0.0,22.113940533333327,79,88,18.7
2020-06-08 05:00:00,0.0,0.0,21.70021153333333,80,95,15.5
2020-06-08 06:00:00,1335.2325892742501,0.0094697153714285,21.456706357142856,78,14,13.4
2020-06-08 07:00:00,5304.911160775,0.1196465384666666,22.075207466666665,71,51,15.2
2020-06-08 08:00:00,10864.101785675,0.3029486386666666,23.706215533333328,62,71,19.4
2020-06-08 09:00:00,20800.929583025,0.4867305466666667,25.66906733333333,54,48,18.7
2020-06-08 10:00:00,24631.8142852,0.9226384173333332,27.8729086,46,21,19.1
2020-06-08 11:00:00,23454.44955325,0.8870374373333332,28.487312733333336,41,20,18.8
2020-06-08 12:00:00,20679.603124825,0.7595703319999999,28.983550933333333,36,44,18.9
2020-06-08 13:00:00,19683.317857000002,0.7446046793333331,29.653950933333327,33,47,18.7
2020-06-08 14:00:00,22100.31339245,0.7729503573333332,30.39099113333333,31,71,19.7
2020-06-08 15:00:00,17899.21473195,0.7478432246666665,30.896520866666663,33,87,21.0
2020-06-08 16:00:00,10276.65625005,0.3384765497333333,30.0527444,35,90,20.0
2020-06-08 17:00:00,4757.149553575,0.2491690678571428,28.989379857142858,37,100,19.2
2020-06-08 18:00:00,734.1723214225,0.0711483807333333,27.9018616,40,98,17.6
2020-06-08 19:00:00,0.0,0.0,25.99734293333333,42,99,14.6
2020-06-08 20:00:00,0.0,0.0,24.80070386666667,44,99,15.9
2020-06-08 21:00:00,0.0,0.0,23.782458333333334,50,85,19.3
2020-06-08 22:00:00,0.0,0.0,23.16300233333333,55,66,21.4
2020-06-08 23:00:00,0.0,0.0,23.1155682,60,63,21.0
2020-06-09 00:00:00,0.0,0.0,22.394712071428568,64,68,19.8
2020-06-09 01:00:00,0.0,0.0,22.046030666666667,67,72,18.4
2020-06-09 02:00:00,0.0,0.0,21.49035633333333,71,90,17.3
2020-06-09 03:00:00,0.0,0.0,21.33233446666667,74,100,17.3
2020-06-09 04:00:00,0.0,0.0,21.1673442,78,98,15.9
2020-06-09 05:00:00,0.0,0.0,21.358131866666668,79,92,15.2
2020-06-09 06:00:00,1562.6325893475,0.0129515775266666,21.290627133333327,77,89,15.3
2020-06-09 07:00:00,5485.152678525,0.2020374493333333,22.7244914,70,97,18.8
2020-06-09 08:00:00,14015.081696425,0.4016198786666667,24.25037833333333,61,96,19.5
2020-06-09 09:00:00,18931.923214324997,0.6503182173333333,26.633241666666667,52,98,18.3
2020-06-09 10:00:00,21352.606249375,0.4062958466666666,27.494000133333333,45,65,18.1
2020-06-09 11:00:00,23540.416071525,0.94011294,29.910441928571423,38,95,18.4
2020-06-09 12:00:00,20290.960267399998,0.6967051026666666,30.3104532,33,100,18.1
2020-06-09 13:00:00,21207.922767475,0.84871055,30.5386128,33,100,17.9
2020-06-09 14:00:00,15664.21339295,0.437669044,31.3439494,32,100,17.5
2020-06-09 15:00:00,17430.4790179,0.5735764053333332,31.041467333333333,32,100,17.0
2020-06-09 16:00:00,11499.323660675,0.46231383,30.180094333333333,33,100,16.7
2020-06-09 17:00:00,5098.8642857,0.2322751866666666,29.1915486,34,99,19.6
2020-06-09 18:00:00,729.79508928775,0.0619993643333333,27.397143533333328,39,92,22.4
2020-06-09 19:00:00,0.0,0.0,25.74157933333333,55,100,19.9
2020-06-09 20:00:00,0.0,0.0,24.950962571428573,55,99,21.4
2020-06-09 21:00:00,0.0,0.0,24.0924174,58,99,21.6
2020-06-09 22:00:00,0.0,0.0,23.41632073333333,63,93,23.2
2020-06-09 23:00:00,0.0,0.0,22.88319513333333,65,96,22.3
2020-06-10 00:00:00,0.0,0.0,22.8427876,66,98,20.9
2020-06-10 01:00:00,0.0,0.0,22.628609266666665,68,91,18.7
2020-06-10 02:00:00,0.0,0.0,22.2797972,72,96,18.4
2020-06-10 03:00:00,0.0,0.0,22.332193866666668,75,79,17.7
2020-06-10 04:00:00,0.0,0.0,21.9428224,77,94,17.0
2020-06-10 05:00:00,0.0,0.0,21.943217000000004,77,100,14.6
2020-06-10 06:00:00,1458.8169642705,0.0090791752333333,21.767089866666662,74,97,16.2
2020-06-10 07:00:00,6520.9986607,0.1765047716666666,22.87512186666667,70,99,17.6
2020-06-10 08:00:00,9372.570535750001,0.2994385973333333,24.7890238,63,100,19.1
2020-06-10 09:00:00,15421.483035674999,0.47842251,26.275140333333333,56,100,19.5
2020-06-10 10:00:00,13166.725892800001,0.3198755806666667,26.92045893333333,47,98,17.9
2020-06-10 11:00:00,16401.389285675,0.320387256,27.95182086666667,44,100,16.6
2020-06-10 12:00:00,25414.3049111,1.0311831480000002,29.79234406666667,43,100,15.4
2020-06-10 13:00:00,20616.375893174998,0.7052360026666665,30.978605133333332,40,99,13.3
2020-06-10 14:00:00,12594.222767874999,0.5378590466666667,31.09232593333333,36,100,13.0
2020-06-10 15:00:00,7590.844642825,0.1306238946666666,23.6877706,37,100,12.7
2020-06-10 16:00:00,8498.70535715,0.2724546621428571,25.529737071428567,49,99,12.8
2020-06-10 17:00:00,4067.878571375,0.1673700179999999,26.02376913333333,61,100,15.8
2020-06-10 18:00:00,360.0562499975,0.0386987639333333,25.403283666666667,72,100,14.9
2020-06-10 19:00:00,0.0,0.0,24.796325666666664,88,97,13.6
2020-06-10 20:00:00,0.0,0.0,23.8389954,90,100,11.0
2020-06-10 21:00:00,0.0,0.0,22.29684226666667,92,100,10.5
2020-06-10 22:00:00,0.0,0.0,22.1506266,90,100,13.6
2020-06-10 23:00:00,0.0,0.0,22.087756466666665,90,100,18.1
2020-06-11 00:00:00,0.0,0.0,22.739367733333328,90,100,19.5
2020-06-11 01:00:00,0.0,0.0,22.373763,91,100,20.9
2020-06-11 02:00:00,0.0,0.0,22.104992666666668,91,100,22.0
2020-06-11 03:00:00,0.0,0.0,21.6394612,91,100,19.5
2020-06-11 04:00:00,0.0,0.0,21.17042653333333,91,100,21.7
2020-06-11 05:00:00,0.0,0.0,21.679722142857145,91,100,14.4
2020-06-11 06:00:00,554.908482145,0.0024945839982,21.80440273333333,92,100,14.0
2020-06-11 07:00:00,2938.8772320775,0.0519139962857142,22.074057499999995,92,100,14.4
2020-06-11 08:00:00,6422.15312505,0.1688907413333333,22.849924866666672,84,100,15.4
2020-06-11 09:00:00,9281.66696435,0.2430901692857142,24.30036257142857,85,100,17.0
2020-06-11 10:00:00,12063.0950893,0.3341347466666667,24.80515553333333,78,100,19.5
2020-06-11 11:00:00,16460.245982125,0.4865309580000001,26.2963116,73,100,19.6
2020-06-11 12:00:00,17189.8758929,0.6383058133333332,27.16000973333333,74,100,19.2
2020-06-11 13:00:00,13628.22455355,0.4614137253333333,27.793925066666667,67,100,20.9
2020-06-11 14:00:00,17578.945982225,0.463052552,28.2268556,62,100,21.3
2020-06-11 15:00:00,14656.357142875,0.5243561353333333,28.410937533333332,57,100,25.9
2020-06-11 16:00:00,8647.669196425,0.3353831253333333,28.066652533333336,67,100,22.3
2020-06-11 17:00:00,3595.7986607225,0.163458322,26.86789553333333,69,100,18.8
2020-06-11 18:00:00,525.8973214272501,0.04432217,25.856518466666664,76,100,17.2
2020-06-11 19:00:00,0.0,0.0,24.81229646666667,82,100,15.7
2020-06-11 20:00:00,0.0,0.0,24.0864298,86,100,19.3
2020-06-11 21:00:00,0.0,0.0,23.82512006666667,89,100,19.7
2020-06-11 22:00:00,0.0,0.0,23.6376038,88,100,20.8
2020-06-11 23:00:00,0.0,0.0,23.328574733333333,88,99,20.8
2020-06-12 00:00:00,0.0,0.0,22.799922733333336,88,98,20.8
2020-06-12 01:00:00,0.0,0.0,22.602435133333337,87,95,20.1
2020-06-12 02:00:00,0.0,0.0,22.360552285714288,87,89,20.7
2020-06-12 03:00:00,0.0,0.0,21.680625333333328,87,96,22.7
2020-06-12 04:00:00,0.0,0.0,21.33571573333333,85,99,22.8
2020-06-12 05:00:00,0.0,0.0,21.17710573333333,85,100,18.5
2020-06-12 06:00:00,649.146875005,0.0033814346733333,20.89739573333333,83,100,15.8
2020-06-12 07:00:00,2262.571428545,0.0630958514666666,21.6540956,78,99,16.6
2020-06-12 08:00:00,6386.948214325,0.1192626860666666,22.443727666666664,74,100,18.2
2020-06-12 09:00:00,12252.843303599999,0.340201678,23.590940333333336,66,100,23.6
2020-06-12 10:00:00,15273.406696525,0.3904689026666667,24.942492866666665,64,99,21.3
2020-06-12 11:00:00,18107.113839550002,0.3929380471428571,25.35791885714286,57,100,25.5
2020-06-12 12:00:00,17443.41562515,0.7228255413333333,26.7209514,52,100,27.3
2020-06-12 13:00:00,18163.8196428,0.563254726,27.410540933333333,54,100,28.5
2020-06-12 14:00:00,15329.362946475001,0.6257596313333335,28.347310466666663,62,100,31.9
2020-06-12 15:00:00,11339.917857100001,0.3964643046666666,28.2338074,61,100,25.9
2020-06-12 16:00:00,5911.611607125,0.1978581207142857,27.573211642857142,59,98,26.3
2020-06-12 17:00:00,4019.62500005,0.1357463066666666,26.6788758,64,99,23.0
2020-06-12 18:00:00,682.6406250015,0.0596401831333333,26.235536666666665,67,100,21.7
2020-06-12 19:00:00,0.0,0.0,24.899776066666668,68,100,20.1
2020-06-12 20:00:00,0.0,0.0,23.3088806,71,100,20.3
2020-06-12 21:00:00,0.0,0.0,22.71641853333333,73,99,20.1
2020-06-12 22:00:00,0.0,0.0,22.543857733333333,75,100,21.5
2020-06-12 23:00:00,0.0,0.0,22.504606133333336,76,99,21.1
2020-06-13 00:00:00,0.0,0.0,21.771612666666663,77,100,19.9
2020-06-13 01:00:00,0.0,0.0,21.62596846666667,79,100,18.3
2020-06-13 02:00:00,0.0,0.0,21.8943176,79,100,17.9
2020-06-13 03:00:00,0.0,0.0,21.80184526666667,79,100,20.0
2020-06-13 04:00:00,0.0,0.0,21.695316785714287,80,100,18.9
2020-06-13 05:00:00,0.0,0.0,21.69656973333333,80,100,14.0
2020-06-13 06:00:00,1136.936607131,0.0083566124785714,21.28513,79,99,13.7
2020-06-13 07:00:00,6519.605803525,0.161645104,22.15570466666667,75,92,16.3
2020-06-13 08:00:00,13890.1857143,0.4043418426666666,24.7192118,66,97,25.2
2020-06-13 09:00:00,17806.6915181,0.5899908493333333,26.32546173333333,60,100,25.3
2020-06-13 10:00:00,22417.38705315,0.6152538133333332,27.573553600000004,55,100,25.1
2020-06-13 11:00:00,26293.791964575,0.8167528573333332,28.6059632,49,99,24.7
2020-06-13 12:00:00,25740.473660675,0.9582277686666664,29.6144756,45,100,25.9
2020-06-13 13:00:00,18726.96205355,0.725001628,30.0071574,48,99,27.3
2020-06-13 14:00:00,22933.938392775,0.8979147206666667,26.66739493333333,49,99,26.6
2020-06-13 15:00:00,18132.038392225,0.7337197726666665,27.583284533333337,49,99,28.2
2020-06-13 16:00:00,8396.755803525,0.4595029573333333,27.66269933333333,52,98,27.9
2020-06-13 17:00:00,3006.7325893425,0.1145979226666666,26.300193266666668,52,93,25.7
2020-06-13 18:00:00,506.66383928275,0.0459627706428571,25.404423357142857,58,94,23.7
2020-06-13 19:00:00,0.0,0.0,24.117745,64,67,21.7
2020-06-13 20:00:00,0.0,0.0,23.7636984,69,100,19.3
2020-06-13 21:00:00,0.0,0.0,23.2034668,70,100,19.7
2020-06-13 22:00:00,0.0,0.0,22.700738533333336,72,98,20.0
2020-06-13 23:00:00,0.0,0.0,22.2271688,74,78,18.7
2020-06-14 00:00:00,0.0,0.0,22.309425866666672,77,96,16.3
2020-06-14 01:00:00,0.0,0.0,22.3396992,78,99,16.3
2020-06-14 02:00:00,0.0,0.0,22.801694666666663,79,100,16.0
2020-06-14 03:00:00,0.0,0.0,22.301548357142856,81,99,14.8
2020-06-14 04:00:00,0.0,0.0,22.235868333333336,82,98,15.5
2020-06-14 05:00:00,0.0,0.0,22.2997984,80,90,14.5
2020-06-14 06:00:00,1127.83482140875,0.0071151917066666,22.556378266666663,79,100,11.5
2020-06-14 07:00:00,6836.839285775,0.1471822867333333,23.208211133333336,78,100,14.9
2020-06-14 08:00:00,9812.787499925,0.298065064,23.90954793333333,75,99,20.0
2020-06-14 09:00:00,16365.016071349999,0.4278343173333333,24.52345993333333,66,99,25.8
2020-06-14 10:00:00,20554.06383935,0.5856356821428572,26.354372285714287,60,100,24.8
2020-06-14 11:00:00,17371.242410775,0.6406613233333333,27.081068733333336,56,100,26.6
2020-06-14 12:00:00,14370.6017858,0.4920235971428571,25.218285714285717,52,100,26.3
2020-06-14 13:00:00,20411.994196475,0.5761803393333333,25.37993566666667,50,100,26.8
2020-06-14 14:00:00,20642.760714275,1.2216518466666668,27.848915600000005,51,99,28.3
2020-06-14 15:00:00,16711.580357075,0.5869389626666666,26.949993866666667,52,100,26.1
2020-06-14 16:00:00,8099.366071475,0.4008640346666667,27.05220753333333,51,100,28.4
2020-06-14 17:00:00,2699.0589285475,0.1235932831333333,25.98669446666667,55,99,26.3
2020-06-14 18:00:00,374.17767857275,0.0297671323333333,25.3053914,58,100,24.6
2020-06-14 19:00:00,0.0,0.0,24.703763866666662,64,99,23.0
2020-06-14 20:00:00,0.0,0.0,24.07510986666667,69,100,23.2
2020-06-14 21:00:00,0.0,0.0,23.87317121428572,73,100,21.0
2020-06-14 22:00:00,0.0,0.0,23.65113126666667,76,100,17.9
2020-06-14 23:00:00,0.0,0.0,23.3865622,77,100,19.0
2020-06-15 00:00:00,0.0,0.0,23.369126333333337,80,100,20.8
2020-06-15 01:00:00,0.0,0.0,23.0133788,81,99,20.4
2020-06-15 02:00:00,0.0,0.0,22.0657084,81,100,17.9
2020-06-15 03:00:00,0.0,0.0,22.138987400000005,80,98,18.2
2020-06-15 04:00:00,0.0,0.0,22.16874793333333,79,98,18.7
2020-06-15 05:00:00,0.0,0.0,21.50873626666667,81,98,16.9
2020-06-15 06:00:00,1596.8004464045002,0.0096864394666666,21.53003333333333,79,98,13.7
2020-06-15 07:00:00,5313.6325893,0.1557342913333333,22.742930066666663,73,97,23.3
2020-06-15 08:00:00,15477.934821449999,0.4586929053333333,24.477518733333334,65,100,26.6
2020-06-15 09:00:00,18573.986607125,0.5729372046666668,26.192445933333328,60,99,26.8
2020-06-15 10:00:00,22049.1977683,0.6171309093333333,26.95370706666667,58,98,26.9
2020-06-15 11:00:00,18917.753125075,0.702748034,28.7853558,50,97,26.1
2020-06-15 12:00:00,15093.7415177,0.7444816766666666,28.601291866666667,48,99,28.7
2020-06-15 13:00:00,12361.334821575001,0.7324080378571429,29.03071592857143,46,99,29.4
2020-06-15 14:00:00,14634.194643025001,0.2690430446666666,27.197220866666672,46,99,31.0
2020-06-15 15:00:00,13136.47812505,0.4233145246666666,27.93405566666667,50,98,29.3
2020-06-15 16:00:00,6383.350446475,0.1251691066666666,27.743865933333336,49,99,29.5
2020-06-15 17:00:00,4163.5575893,0.193777918,27.25204246666667,51,98,27.4
2020-06-15 18:00:00,419.0035714245,0.0388465545,26.430651071428567,56,99,23.7
2020-06-15 19:00:00,0.0,2.0070272266666667e-05,23.2409404,61,99,24.0
2020-06-15 20:00:00,0.0,0.0,23.3763062,65,97,20.8
2020-06-15 21:00:00,0.0,0.0,23.1545876,68,97,18.8
2020-06-15 22:00:00,0.0,0.0,22.975063066666667,71,99,18.5
2020-06-15 23:00:00,0.0,0.0,23.618847800000005,73,100,16.4
2020-06-16 00:00:00,0.0,0.0,23.1030456,75,100,15.0
2020-06-16 01:00:00,0.0,0.0,22.585764533333336,76,99,16.6
2020-06-16 02:00:00,0.0,0.0,22.6596518,78,100,15.4
2020-06-16 03:00:00,0.0,0.0,22.499713000000003,79,100,15.3
2020-06-16 04:00:00,0.0,0.0,22.5443968,79,100,15.9
2020-06-16 05:00:00,0.0,0.0,22.692254533333333,77,100,15.1
2020-06-16 06:00:00,1007.6312499967501,0.003851879775,22.494378142857144,75,100,13.5
2020-06-16 07:00:00,5485.895089325,0.1017261071999999,23.138751200000005,73,100,16.1
2020-06-16 08:00:00,11403.921428574999,0.353673456,24.273189266666662,68,100,23.4
2020-06-16 09:00:00,15462.96875,0.410816618,25.405088333333328,65,99,25.6
2020-06-16 10:00:00,21218.446875424997,0.8289793113333334,26.7102622,62,100,26.3
2020-06-16 11:00:00,18009.6062496,0.9182852226666663,27.994940266666667,55,100,27.4
2020-06-16 12:00:00,12566.981696449999,0.2222456033333333,27.874310399999995,54,100,28.2
2020-06-16 13:00:00,14088.895089375,0.319418066,27.9916526,50,100,28.4
2020-06-16 14:00:00,15113.261607075001,0.430022742,28.79405306666667,50,100,28.2
2020-06-16 15:00:00,10940.11388895,0.2822451986666666,28.405712933333334,50,100,29.4
2020-06-16 16:00:00,7184.6205357,0.345676682,28.046335933333328,53,99,28.9
2020-06-16 17:00:00,3301.30401781,0.138821146,27.1594952,60,98,24.4
2020-06-16 18:00:00,593.0232142787501,0.0488549196666666,25.890207866666664,62,86,21.9
2020-06-16 19:00:00,0.0,0.0,24.986523400000003,67,99,19.9
2020-06-16 20:00:00,0.0,0.0,23.90370066666667,71,100,17.8
2020-06-16 21:00:00,0.0,0.0,23.54011321428572,74,100,15.0
2020-06-16 22:00:00,0.0,0.0,23.0816692,74,100,14.5
2020-06-16 23:00:00,0.0,0.0,22.962205000000004,74,100,15.1
2020-06-17 00:00:00,0.0,0.0,22.895672466666667,76,100,14.6
2020-06-17 01:00:00,0.0,0.0,22.771451866666663,77,100,16.3
2020-06-17 02:00:00,0.0,0.0,22.6269064,77,100,14.4
2020-06-17 03:00:00,0.0,0.0,22.852022266666665,77,100,14.6
2020-06-17 04:00:00,0.0,0.0,22.8229758,78,100,14.3
2020-06-17 05:00:00,0.0,0.0,22.35033773333333,85,100,12.1
2020-06-17 06:00:00,441.624107143,0.0028424610064285,21.69549992857143,84,100,14.9
2020-06-17 07:00:00,5672.172767875,0.0933161474666666,22.482625266666663,83,100,13.5
2020-06-17 08:00:00,8210.82812495,0.2345097293333333,23.751955,74,100,19.2
2020-06-17 09:00:00,12425.151339275,0.3381332306666667,24.68842373333333,72,100,20.9
2020-06-17 10:00:00,14456.520089275,0.4246341313333333,25.68465353333333,70,100,18.7
2020-06-17 11:00:00,18258.048214324997,0.4508577206666666,26.236733,60,100,30.3
2020-06-17 12:00:00,24023.68973255,0.8971673586666666,28.4727662,60,100,29.6
2020-06-17 13:00:00,18241.05714285,0.4894874157142857,28.579515642857142,68,100,23.4
2020-06-17 14:00:00,15344.71026785,0.4384577806666666,28.6523418,69,100,24.3
2020-06-17 15:00:00,4637.74910721,0.3174531373333333,28.617018666666667,69,100,25.8
2020-06-17 16:00:00,5294.725,0.1997712573333333,23.40352773333333,73,100,22.1
2020-06-17 17:00:00,2766.84794638,0.0864726348666666,24.191860066666663,64,100,19.0
2020-06-17 18:00:00,543.57232143,0.0419395646666666,24.130348733333328,72,98,17.7
2020-06-17 19:00:00,0.0,0.0,23.474888266666667,76,99,16.3
2020-06-17 20:00:00,0.0,0.0,23.0032632,80,98,15.1
2020-06-17 21:00:00,0.0,0.0,22.89988213333333,82,100,13.4
2020-06-17 22:00:00,0.0,0.0,22.563179466666668,83,100,13.4
2020-06-17 23:00:00,0.0,0.0,22.129815666666666,84,100,14.2
