timestamp,temp_c,humidity_pct,cloud_cover_pct,wind_speed_ms,ghi
15-05-2020 00:00,32.1,38,21,17.7,0
15-05-2020 01:00,30.8,44,57,11,0
15-05-2020 02:00,30.2,48,75,4.7,0
15-05-2020 03:00,30,50,65,5.8,0
15-05-2020 04:00,29,55,46,5,0
15-05-2020 05:00,28.1,61,6,7.9,0
15-05-2020 06:00,28.6,60,82,10.7,15
15-05-2020 07:00,30,54,20,13,154
15-05-2020 08:00,31.9,45,1,10.2,370
15-05-2020 09:00,33.8,36,24,8.4,588
15-05-2020 10:00,35.4,31,43,8.5,770
15-05-2020 11:00,36.9,27,76,8.6,892
15-05-2020 12:00,38.2,22,82,8.4,961
15-05-2020 13:00,39.1,19,28,8.8,950
15-05-2020 14:00,39.6,18,45,9.5,866
15-05-2020 15:00,39.7,18,83,9.5,720
15-05-2020 16:00,39.3,18,95,10.5,517
15-05-2020 17:00,37.6,24,93,10.8,292
15-05-2020 18:00,36.7,24,51,8.6,68
15-05-2020 19:00,35.4,29,37,5.3,1
15-05-2020 20:00,35.1,28,66,10,0
15-05-2020 21:00,34,33,23,8.2,0
15-05-2020 22:00,33.7,34,58,10,0
15-05-2020 23:00,33.2,35,60,9.2,0
16-05-2020 00:00,32.9,36,31,9.7,0
16-05-2020 01:00,32,39,22,7.5,0
16-05-2020 02:00,31.6,40,22,12.6,0
16-05-2020 03:00,31.1,40,24,10.5,0
16-05-2020 04:00,30.3,43,23,9.9,0
16-05-2020 05:00,28.4,63,66,5.8,0
16-05-2020 06:00,28.6,62,88,7.1,14
16-05-2020 07:00,29.7,58,84,8,146
16-05-2020 08:00,31.4,51,91,8,356
16-05-2020 09:00,33.3,45,98,7.3,569
16-05-2020 10:00,35.1,39,100,6.9,736
16-05-2020 11:00,36.4,35,99,8,828
16-05-2020 12:00,37.3,32,100,8,788
16-05-2020 13:00,37.8,30,100,6.5,753
16-05-2020 14:00,37.9,30,100,6.3,662
16-05-2020 15:00,37.9,30,100,8,543
16-05-2020 16:00,38,28,99,2.3,428
16-05-2020 17:00,37.4,28,98,9.7,210
16-05-2020 18:00,34.1,37,100,10.3,46
16-05-2020 19:00,30.9,52,98,5.6,1
16-05-2020 20:00,29.9,57,100,13.1,0
16-05-2020 21:00,29.5,58,100,11.4,0
16-05-2020 22:00,29.5,57,99,8.5,0
16-05-2020 23:00,29.4,58,99,7.1,0
17-05-2020 00:00,29.2,59,100,9.5,0
17-05-2020 01:00,28.9,60,100,7.8,0
17-05-2020 02:00,28.8,60,100,7.8,0
17-05-2020 03:00,28.5,65,100,15.8,0
17-05-2020 04:00,28.1,69,100,11.8,0
17-05-2020 05:00,27.1,78,100,4,0
17-05-2020 06:00,27.7,77,100,6.6,12
17-05-2020 07:00,29,68,100,8.9,115
17-05-2020 08:00,31,57,100,9.2,272
17-05-2020 09:00,32.9,49,100,9.1,455
17-05-2020 10:00,34.7,42,100,8.7,658
17-05-2020 11:00,36.1,38,100,9,738
17-05-2020 12:00,37.8,33,99,8.7,836
17-05-2020 13:00,38.5,30,99,8.6,723
17-05-2020 14:00,35.5,41,97,16.5,726
17-05-2020 15:00,33.9,42,100,16.6,303
17-05-2020 16:00,34.9,38,99,10.2,256
17-05-2020 17:00,36.2,31,98,9.9,153
17-05-2020 18:00,33.3,42,100,1.5,42
17-05-2020 19:00,32.3,44,100,18.1,1
17-05-2020 20:00,31,49,100,14.4,0
17-05-2020 21:00,30.8,50,100,14.1,0
17-05-2020 22:00,30.3,52,100,13.8,0
17-05-2020 23:00,30.1,53,100,12.6,0
18-05-2020 00:00,29.5,55,100,12.8,0
18-05-2020 01:00,29.3,57,100,12,0
18-05-2020 02:00,29.1,59,99,11.7,0
18-05-2020 03:00,28.8,61,93,9.3,0
18-05-2020 04:00,28.6,64,67,8.8,0
18-05-2020 05:00,27.7,75,66,12,0
18-05-2020 06:00,27.8,74,91,12.2,12
18-05-2020 07:00,29.3,67,97,14.3,132
18-05-2020 08:00,31,59,88,19.7,274
18-05-2020 09:00,33.1,49,39,19.5,456
18-05-2020 10:00,34.4,42,52,20.2,607
18-05-2020 11:00,35.9,37,99,19.4,691
18-05-2020 12:00,36.4,35,56,18.6,682
18-05-2020 13:00,34.9,39,100,25.1,805
18-05-2020 14:00,34.8,39,100,20.9,583
18-05-2020 15:00,36.8,32,100,14.2,560
18-05-2020 16:00,37.3,29,100,13,430
18-05-2020 17:00,38.1,23,100,11.9,238
18-05-2020 18:00,36.4,26,100,6.1,64
18-05-2020 19:00,35.7,25,100,10.8,1
18-05-2020 20:00,33.6,34,100,16.6,0
18-05-2020 21:00,31.6,49,100,26.4,0
18-05-2020 22:00,30.8,58,100,25.3,0
18-05-2020 23:00,29.6,62,100,25,0
19-05-2020 00:00,29.2,64,100,25.2,0
19-05-2020 01:00,28.7,67,100,23.9,0
19-05-2020 02:00,28.1,71,100,22.6,0
19-05-2020 03:00,27.6,74,97,21,0
19-05-2020 04:00,27.1,76,86,20.9,0
19-05-2020 05:00,26.8,78,26,19.5,0
19-05-2020 06:00,27,76,100,19.4,15
19-05-2020 07:00,28,70,100,23.6,114
19-05-2020 08:00,29.7,62,100,25.9,296
19-05-2020 09:00,32.1,51,52,25.7,557
19-05-2020 10:00,34.1,42,53,26.1,676
19-05-2020 11:00,36.6,32,98,25.7,891
19-05-2020 12:00,37.9,27,100,26.2,906
19-05-2020 13:00,38.4,24,100,25,852
19-05-2020 14:00,38.5,20,100,22.9,594
19-05-2020 15:00,38.8,19,100,22.7,533
19-05-2020 16:00,38.3,19,100,20.8,355
19-05-2020 17:00,37.7,19,100,18.8,196
19-05-2020 18:00,36.6,20,100,13.8,63
19-05-2020 19:00,31.5,47,100,25.9,1
19-05-2020 20:00,31.3,54,100,27.5,0
19-05-2020 21:00,30.7,56,100,27.1,0
19-05-2020 22:00,30.1,60,25,28.3,0
19-05-2020 23:00,28.9,63,41,28.6,0
20-05-2020 00:00,27.8,69,37,27,0
20-05-2020 01:00,27,73,100,24.6,0
20-05-2020 02:00,26.5,76,97,24.8,0
20-05-2020 03:00,26,78,100,23.4,0
20-05-2020 04:00,25.8,79,96,20.6,0
20-05-2020 05:00,26.1,77,100,21,0
20-05-2020 06:00,26.5,75,98,22,15
20-05-2020 07:00,27.5,68,97,24.4,123
20-05-2020 08:00,29.3,59,96,23.9,307
20-05-2020 09:00,31.7,48,99,23.9,552
20-05-2020 10:00,33.6,40,98,23,639
20-05-2020 11:00,36,33,98,21.4,828
20-05-2020 12:00,37.5,28,96,19.3,920
20-05-2020 13:00,38.5,25,98,17.5,880
20-05-2020 14:00,38.5,22,98,14.1,623
20-05-2020 15:00,38.5,21,96,12,467
20-05-2020 16:00,38.7,19,98,12.8,397
20-05-2020 17:00,37.9,18,98,12.9,199
20-05-2020 18:00,35.7,21,95,8,76
20-05-2020 19:00,34,25,96,15.6,1
20-05-2020 20:00,33.2,29,96,24,0
20-05-2020 21:00,30.7,51,94,25.5,0
20-05-2020 22:00,29.6,60,96,25.4,0
20-05-2020 23:00,28.5,67,92,24.7,0
21-05-2020 00:00,27.6,72,93,23.5,0
21-05-2020 01:00,26.9,77,29,21.9,0
21-05-2020 02:00,26.6,77,92,20.4,0
21-05-2020 03:00,26.2,78,88,22.3,0
21-05-2020 04:00,25.8,78,92,22.5,0
21-05-2020 05:00,25.7,78,93,21.7,0
21-05-2020 06:00,26.2,75,82,17.8,17
21-05-2020 07:00,27.7,68,86,18,159
21-05-2020 08:00,29.9,58,95,17.8,376
21-05-2020 09:00,32.5,47,85,16.8,594
21-05-2020 10:00,34.9,38,81,16.3,776
21-05-2020 11:00,36.9,31,84,15.4,901
21-05-2020 12:00,38.3,25,40,13.8,914
21-05-2020 13:00,38.5,22,31,12.5,702
21-05-2020 14:00,38.9,20,30,11.7,663
21-05-2020 15:00,39.1,19,43,10.2,606
21-05-2020 16:00,38.9,18,43,9.7,430
21-05-2020 17:00,38.4,19,16,8.8,248
21-05-2020 18:00,36.1,22,16,7.8,84
21-05-2020 19:00,34.4,25,8,13.3,2
21-05-2020 20:00,33.4,28,15,13.8,0
21-05-2020 21:00,32,40,2,21.6,0
21-05-2020 22:00,30.5,53,26,22.9,0
21-05-2020 23:00,29.5,61,25,23.2,0
22-05-2020 00:00,28.4,67,6,22.6,0
22-05-2020 01:00,27.7,71,20,23.8,0
22-05-2020 02:00,27,75,29,22.7,0
22-05-2020 03:00,26.5,76,42,22.4,0
22-05-2020 04:00,26.2,74,23,17.7,0
22-05-2020 05:00,25.6,73,4,17.7,0
22-05-2020 06:00,25.8,74,26,19.4,17
22-05-2020 07:00,27.2,68,18,20.2,162
22-05-2020 08:00,29.4,59,53,17.6,380
22-05-2020 09:00,31.8,49,50,17,596
22-05-2020 10:00,34.3,40,0,15.9,779
22-05-2020 11:00,36.4,33,86,13.4,905
22-05-2020 12:00,38,27,78,9.7,952
22-05-2020 13:00,38.9,22,24,6.1,838
22-05-2020 14:00,39.1,19,19,5.1,701
22-05-2020 15:00,39.3,18,13,3.8,604
22-05-2020 16:00,39.2,18,34,2.6,453
22-05-2020 17:00,39.1,15,20,3.5,275
22-05-2020 18:00,35.9,21,15,5.9,89
22-05-2020 19:00,33.6,23,19,8.2,2
22-05-2020 20:00,33.5,25,22,10,0
22-05-2020 21:00,32.2,31,23,9.2,0
22-05-2020 22:00,31.9,36,3,17.1,0
22-05-2020 23:00,30.6,50,2,18.4,0
23-05-2020 00:00,29.4,59,2,17.3,0
23-05-2020 01:00,28.9,62,28,19.4,0
23-05-2020 02:00,28.5,64,29,17.3,0
23-05-2020 03:00,28,67,13,16.6,0
23-05-2020 04:00,27.6,69,0,16,0
23-05-2020 05:00,27.5,72,25,13.3,0
23-05-2020 06:00,27.9,71,0,13.4,17
23-05-2020 07:00,29.3,65,0,15.5,163
23-05-2020 08:00,31.5,54,0,14.1,381
23-05-2020 09:00,33.7,44,0,11.4,597
23-05-2020 10:00,35.8,37,0,11,777
23-05-2020 11:00,37.7,30,2,10.4,903
23-05-2020 12:00,39,25,25,8.2,915
23-05-2020 13:00,39.6,21,24,5.4,812
23-05-2020 14:00,39.7,19,32,2.4,684
23-05-2020 15:00,39.8,19,28,2.8,557
23-05-2020 16:00,39.8,18,47,10.6,452
23-05-2020 17:00,39.8,16,55,5.6,239
23-05-2020 18:00,37.1,21,74,6,84
23-05-2020 19:00,36.2,22,56,8.8,1
23-05-2020 20:00,35,23,40,8.9,0
23-05-2020 21:00,33.7,27,51,6.9,0
23-05-2020 22:00,32.7,38,32,24.6,0
23-05-2020 23:00,30.4,61,11,24.5,0
24-05-2020 00:00,29.9,62,24,20.9,0
24-05-2020 01:00,29,65,15,16.2,0
24-05-2020 02:00,28.3,69,72,14.4,0
24-05-2020 03:00,27.7,72,75,14.1,0
24-05-2020 04:00,27.1,76,59,16.2,0
24-05-2020 05:00,26.9,78,27,15.2,0
24-05-2020 06:00,27.5,74,4,16.2,16
24-05-2020 07:00,28.9,67,3,15.8,156
24-05-2020 08:00,31.1,57,20,18.4,370
24-05-2020 09:00,33.7,45,45,18.4,586
24-05-2020 10:00,36.2,35,49,15.1,773
24-05-2020 11:00,38.1,29,3,14.2,893
24-05-2020 12:00,39.3,26,11,12.2,924
24-05-2020 13:00,39.9,24,29,9.7,866
24-05-2020 14:00,39.7,22,56,6.5,606
24-05-2020 15:00,39.5,22,40,5.4,465
24-05-2020 16:00,39.4,21,52,5.2,331
24-05-2020 17:00,39.1,20,48,6.6,206
24-05-2020 18:00,37,24,41,6.3,68
24-05-2020 19:00,35.2,27,31,6.9,1
24-05-2020 20:00,34.5,27,27,6.6,0
24-05-2020 21:00,33.9,29,30,8.7,0
24-05-2020 22:00,33.3,32,42,11.1,0
24-05-2020 23:00,30.4,64,65,24.7,0
25-05-2020 00:00,29.9,66,72,19.7,0
25-05-2020 01:00,29.1,69,67,15.9,0
25-05-2020 02:00,28.3,72,67,17,0
25-05-2020 03:00,27.7,74,2,14.2,0
25-05-2020 04:00,27.3,76,8,12.1,0
25-05-2020 05:00,27.2,77,14,12.2,0
25-05-2020 06:00,27.4,76,68,16.5,17
25-05-2020 07:00,28.9,68,65,16.7,159
25-05-2020 08:00,30.9,58,63,16.9,366
25-05-2020 09:00,33.4,48,60,17.7,576
25-05-2020 10:00,35.6,41,59,16.8,765
25-05-2020 11:00,37.5,35,66,14.7,887
25-05-2020 12:00,39,30,38,10.4,944
25-05-2020 13:00,39.8,27,35,7.6,890
25-05-2020 14:00,39.8,26,40,6.4,720
25-05-2020 15:00,39.5,26,35,5.8,533
25-05-2020 16:00,39.3,25,39,3.4,391
25-05-2020 17:00,38.6,25,47,1.8,210
25-05-2020 18:00,37.7,27,64,4.2,60
25-05-2020 19:00,35.9,32,37,10.9,1
25-05-2020 20:00,34.9,36,35,11.8,0
25-05-2020 21:00,34.1,39,34,19.1,0
25-05-2020 22:00,33.5,40,45,12.6,0
25-05-2020 23:00,32.9,42,57,10.7,0
26-05-2020 00:00,32.6,42,59,12.4,0
26-05-2020 01:00,30.8,56,75,20.6,0
26-05-2020 02:00,29.6,71,74,19.2,0
26-05-2020 03:00,28.7,76,69,22.1,0
26-05-2020 04:00,28.1,76,76,19.4,0
26-05-2020 05:00,28.1,76,1,15.7,0
26-05-2020 06:00,28.2,75,2,14.8,17
26-05-2020 07:00,29.7,67,1,13,158
26-05-2020 08:00,31.8,58,1,14.1,370
26-05-2020 09:00,34.1,49,1,13.7,582
26-05-2020 10:00,36.3,41,0,12.3,759
26-05-2020 11:00,38.1,34,4,12,883
26-05-2020 12:00,39.4,30,11,11.6,914
26-05-2020 13:00,39.7,28,39,6.4,869
26-05-2020 14:00,39.8,27,30,6.8,620
26-05-2020 15:00,40.1,26,33,7.9,548
26-05-2020 16:00,39.3,27,47,5.9,394
26-05-2020 17:00,37.2,32,60,14.7,218
26-05-2020 18:00,36.6,33,47,12,61
26-05-2020 19:00,36,34,37,8.1,1
26-05-2020 20:00,35.3,37,35,11.7,0
26-05-2020 21:00,34.3,43,25,11,0
26-05-2020 22:00,33.3,46,20,15.6,0
26-05-2020 23:00,32.1,51,19,16.8,0
27-05-2020 00:00,31.7,54,22,18.9,0
27-05-2020 01:00,30.8,61,25,18.9,0
27-05-2020 02:00,29.8,67,32,16.3,0
27-05-2020 03:00,29.1,71,32,14.8,0
27-05-2020 04:00,28.5,73,10,15.6,0
27-05-2020 05:00,27.7,77,7,16.7,0
27-05-2020 06:00,27.8,74,5,18.4,16
27-05-2020 07:00,29.1,67,2,18,154
27-05-2020 08:00,31.3,57,2,18.5,367
27-05-2020 09:00,33.5,49,4,17.7,578
27-05-2020 10:00,35.7,41,0,16.2,757
27-05-2020 11:00,37.7,34,8,13.7,883
27-05-2020 12:00,39.2,30,16,12.1,922
27-05-2020 13:00,39.5,27,44,11.4,863
27-05-2020 14:00,40,25,25,10.4,690
27-05-2020 15:00,40.6,24,26,8.9,596
27-05-2020 16:00,40.3,24,43,7.1,430
27-05-2020 17:00,39.5,24,24,8.2,243
27-05-2020 18:00,38,26,31,4,78
27-05-2020 19:00,36.9,27,31,7.7,2
27-05-2020 20:00,35.8,30,29,12.5,0
27-05-2020 21:00,35,31,51,20.1,0
27-05-2020 22:00,33,46,12,21.8,0
27-05-2020 23:00,31.3,56,38,22.5,0
28-05-2020 00:00,29.8,62,2,20.1,0
28-05-2020 01:00,28.8,66,0,17.6,0
28-05-2020 02:00,28.1,70,73,16,0
28-05-2020 03:00,27.7,72,73,15.9,0
28-05-2020 04:00,27.5,73,80,16.2,0
28-05-2020 05:00,27.3,74,5,17.5,0
28-05-2020 06:00,27.6,71,90,19.2,17
28-05-2020 07:00,28.7,63,84,19.4,121
28-05-2020 08:00,31,50,49,18.6,347
28-05-2020 09:00,33.6,38,60,18.5,589
28-05-2020 10:00,36,29,82,17.7,768
28-05-2020 11:00,38,23,88,17.4,891
28-05-2020 12:00,39.4,20,87,16.6,953
28-05-2020 13:00,40.4,19,81,15.7,944
28-05-2020 14:00,40.9,18,56,13.9,860
28-05-2020 15:00,40.9,18,48,13.3,711
28-05-2020 16:00,40.6,18,51,13,510
28-05-2020 17:00,39.2,18,12,14.2,300
28-05-2020 18:00,37.5,22,63,8.7,96
28-05-2020 19:00,35.5,27,5,10.3,2
28-05-2020 20:00,34.9,29,36,10,0
28-05-2020 21:00,34,32,25,10.3,0
28-05-2020 22:00,33.3,40,64,19.9,0
28-05-2020 23:00,32.2,48,48,22.1,0
29-05-2020 00:00,30.5,59,38,22.2,0
29-05-2020 01:00,29.9,63,31,21.6,0
29-05-2020 02:00,29.1,66,26,21.6,0
29-05-2020 03:00,28.3,69,2,20.5,0
29-05-2020 04:00,27.7,72,1,18.5,0
29-05-2020 05:00,27.1,77,1,14,0
29-05-2020 06:00,27.2,76,11,16,17
29-05-2020 07:00,28.4,69,38,17.7,159
29-05-2020 08:00,30.3,57,38,18.1,370
29-05-2020 09:00,32.6,47,45,17.9,589
29-05-2020 10:00,34.7,39,65,15.9,767
29-05-2020 11:00,36.6,34,74,13.8,871
29-05-2020 12:00,38.3,29,77,11.8,950
29-05-2020 13:00,39.1,26,76,8.9,872
29-05-2020 14:00,39.4,24,63,7.1,714
29-05-2020 15:00,39.4,23,45,5.9,555
29-05-2020 16:00,39.3,23,29,5.6,452
29-05-2020 17:00,38.8,21,32,8.2,244
29-05-2020 18:00,37.2,23,21,7.3,82
29-05-2020 19:00,35.5,26,75,7.6,2
29-05-2020 20:00,34.8,28,69,9.9,0
29-05-2020 21:00,33.9,33,49,11.7,0
29-05-2020 22:00,33.2,34,26,10,0
29-05-2020 23:00,32.6,38,50,18.9,0
30-05-2020 00:00,31.4,52,21,21.6,0
30-05-2020 01:00,30.1,61,19,18.1,0
30-05-2020 02:00,29.2,66,23,12.2,0
30-05-2020 03:00,28.6,69,17,11.5,0
30-05-2020 04:00,28.2,71,11,12.7,0
30-05-2020 05:00,27.4,74,13,11.3,0
30-05-2020 06:00,27.5,73,58,11.7,16
30-05-2020 07:00,28.7,67,49,13.2,151
30-05-2020 08:00,30.6,57,68,13.3,357
30-05-2020 09:00,32.8,48,74,13.3,571
30-05-2020 10:00,34.8,40,18,11.7,718
30-05-2020 11:00,36.7,33,29,10.9,878
30-05-2020 12:00,38,29,82,9.2,937
30-05-2020 13:00,38.6,27,76,8.2,880
30-05-2020 14:00,38.7,26,41,6.9,677
30-05-2020 15:00,38.3,27,39,7.1,485
30-05-2020 16:00,37.9,27,34,8.5,369
30-05-2020 17:00,37.4,29,38,7.4,232
30-05-2020 18:00,35.7,33,99,9.2,51
30-05-2020 19:00,34.6,35,71,9.1,1
30-05-2020 20:00,33.2,39,56,13.4,0
30-05-2020 21:00,31.8,46,64,10.9,0
30-05-2020 22:00,31.5,48,70,10.9,0
30-05-2020 23:00,31.5,47,47,11.5,0
31-05-2020 00:00,31.1,48,40,11.2,0
31-05-2020 01:00,30.9,49,36,10.1,0
31-05-2020 02:00,30.3,51,28,8.2,0
31-05-2020 03:00,29.9,52,27,7.1,0
31-05-2020 04:00,29.5,53,42,4.8,0
31-05-2020 05:00,28.8,62,63,4.9,0
31-05-2020 06:00,29.1,62,89,5,9
31-05-2020 07:00,29.7,61,94,8.7,86
31-05-2020 08:00,30.1,61,100,7.4,136
31-05-2020 09:00,32.1,54,86,8.4,432
31-05-2020 10:00,33.6,48,99,7.3,683
31-05-2020 11:00,32.9,50,100,6,321
31-05-2020 12:00,33.6,47,77,3.7,411
31-05-2020 13:00,35.5,43,93,5,856
31-05-2020 14:00,35.9,39,100,8.4,744
31-05-2020 15:00,28.8,71,100,13.6,327
31-05-2020 16:00,31.8,55,100,4.6,192
31-05-2020 17:00,34.2,41,100,4.3,133
31-05-2020 18:00,33.5,42,100,1.8,53
31-05-2020 19:00,33.3,44,100,5.2,1
31-05-2020 20:00,32.7,47,99,8.3,0
31-05-2020 21:00,31.6,52,65,9,0
31-05-2020 22:00,30.9,55,84,9.2,0
31-05-2020 23:00,28.3,73,98,9.9,0
01-06-2020 00:00,28,76,99,4.6,0
01-06-2020 01:00,27.6,77,97,7.4,0
01-06-2020 02:00,25.7,89,98,12.7,0
01-06-2020 03:00,24.8,89,100,11.4,0
01-06-2020 04:00,24.8,89,100,7.6,0
01-06-2020 05:00,25.1,89,100,4.4,0
01-06-2020 06:00,25.4,89,97,0.8,13
01-06-2020 07:00,26.3,83,92,1.6,129
01-06-2020 08:00,28.3,72,93,3.1,330
01-06-2020 09:00,30,64,98,2.3,462
01-06-2020 10:00,31.6,58,98,4.3,624
01-06-2020 11:00,32.5,53,97,5.4,662
01-06-2020 12:00,33.5,50,99,6.3,756
01-06-2020 13:00,33.5,48,100,5.6,671
01-06-2020 14:00,34.4,44,94,3.1,647
01-06-2020 15:00,34.6,44,86,1.4,515
01-06-2020 16:00,31.9,55,87,13,477
01-06-2020 17:00,34.1,44,96,5,204
01-06-2020 18:00,27.9,80,97,15.2,59
01-06-2020 19:00,28.3,79,97,8.7,2
01-06-2020 20:00,27.2,85,99,7.6,0
01-06-2020 21:00,26.5,88,100,13.1,0
01-06-2020 22:00,25.5,91,100,8,0
01-06-2020 23:00,25,94,100,4.9,0
02-06-2020 00:00,24.9,94,100,2.6,0
02-06-2020 01:00,24.6,95,100,7.1,0
02-06-2020 02:00,24.4,95,100,4.8,0
02-06-2020 03:00,24.3,95,100,3.2,0
02-06-2020 04:00,24.6,93,100,3.6,0
02-06-2020 05:00,24.8,93,100,4,0
02-06-2020 06:00,25,93,98,4.2,11
02-06-2020 07:00,25.9,88,93,5.9,120
02-06-2020 08:00,26.9,79,99,8.4,194
02-06-2020 09:00,28.6,69,97,11.7,399
02-06-2020 10:00,30.9,57,87,11.5,683
02-06-2020 11:00,32.2,55,80,13.4,746
02-06-2020 12:00,33.6,50,19,13.3,887
02-06-2020 13:00,34.4,45,31,17.3,839
02-06-2020 14:00,31.2,61,65,22.7,537
02-06-2020 15:00,32.2,50,69,23.8,437
02-06-2020 16:00,30.3,60,94,17.1,351
02-06-2020 17:00,30.6,58,95,9,172
02-06-2020 18:00,30.6,58,59,6.3,53
02-06-2020 19:00,29.7,61,74,5.1,2
02-06-2020 20:00,29,63,85,4.6,0
02-06-2020 21:00,28.5,61,94,11.2,0
02-06-2020 22:00,27.7,62,99,12.9,0
02-06-2020 23:00,27.3,64,99,10,0
03-06-2020 00:00,26.7,67,100,9.6,0
03-06-2020 01:00,26.8,67,100,12.2,0
03-06-2020 02:00,26.5,68,100,14.8,0
03-06-2020 03:00,26.4,68,96,13.3,0
03-06-2020 04:00,26.1,70,90,12.3,0
03-06-2020 05:00,26.1,69,92,10.2,0
03-06-2020 06:00,26.7,67,100,9.2,6
03-06-2020 07:00,27.1,66,97,11.6,46
03-06-2020 08:00,28.7,60,98,15.9,298
03-06-2020 09:00,28.6,61,100,16.6,179
03-06-2020 10:00,29.2,58,100,17.8,277
03-06-2020 11:00,28.8,60,100,15.5,188
03-06-2020 12:00,30.2,54,100,18.2,372
03-06-2020 13:00,31.8,48,99,20.7,474
03-06-2020 14:00,32.1,47,100,23.2,423
03-06-2020 15:00,31,52,100,20.5,245
03-06-2020 16:00,31.2,51,100,22.3,264
03-06-2020 17:00,31,49,100,17.3,192
03-06-2020 18:00,30.3,52,100,15,74
03-06-2020 19:00,29.4,54,100,14.8,3
03-06-2020 20:00,28.6,59,100,18.7,0
03-06-2020 21:00,27.7,63,100,15.5,0
03-06-2020 22:00,27.1,67,100,14,0
03-06-2020 23:00,26.7,69,99,15.1,0
04-06-2020 00:00,26.4,71,98,15.8,0
04-06-2020 01:00,25.9,74,96,14.5,0
04-06-2020 02:00,25.7,76,97,14.7,0
04-06-2020 03:00,25.3,77,97,13.2,0
04-06-2020 04:00,25.5,77,95,12.6,0
04-06-2020 05:00,25.4,77,96,12.5,0
04-06-2020 06:00,25.9,75,96,13.5,11
04-06-2020 07:00,26.2,76,97,14.3,73
04-06-2020 08:00,27,71,98,15.3,170
04-06-2020 09:00,27.2,74,98,15.6,264
04-06-2020 10:00,29.7,61,93,21.4,519
04-06-2020 11:00,31.5,54,85,18,600
04-06-2020 12:00,33.1,48,29,20.6,752
04-06-2020 13:00,33.7,46,83,21.6,775
04-06-2020 14:00,30.7,58,69,22.9,653
04-06-2020 15:00,31.8,50,41,22.9,458
04-06-2020 16:00,31.7,51,97,21.7,423
04-06-2020 17:00,31.3,51,99,22,254
04-06-2020 18:00,30.3,55,100,17.9,43
04-06-2020 19:00,29.9,56,100,18.6,2
04-06-2020 20:00,29,60,100,19.7,0
04-06-2020 21:00,28.1,64,98,16.7,0
04-06-2020 22:00,27.4,68,98,14.1,0
04-06-2020 23:00,26.7,71,95,14.1,0
05-06-2020 00:00,26.1,74,93,15.1,0
05-06-2020 01:00,25.5,77,94,14.8,0
05-06-2020 02:00,24.9,80,93,13.9,0
05-06-2020 03:00,24.6,82,70,13.3,0
05-06-2020 04:00,24.3,84,22,12,0
05-06-2020 05:00,24.6,82,30,8.6,0
05-06-2020 06:00,25.1,80,38,8.4,14
05-06-2020 07:00,26.5,74,79,14.6,124
05-06-2020 08:00,28.1,65,85,17.4,225
05-06-2020 09:00,28.8,62,73,18.4,269
05-06-2020 10:00,30.4,58,32,17.6,499
05-06-2020 11:00,31.9,52,31,16.6,670
05-06-2020 12:00,32.4,51,30,17.7,785
05-06-2020 13:00,33,48,27,16.4,735
05-06-2020 14:00,33.7,46,26,16.6,700
05-06-2020 15:00,34.1,45,29,20.2,614
05-06-2020 16:00,32.6,47,80,20.5,421
05-06-2020 17:00,32.9,44,90,19.8,221
05-06-2020 18:00,31.2,51,98,20.3,94
05-06-2020 19:00,29.7,58,100,17.7,3
05-06-2020 20:00,29.2,61,100,16.3,0
05-06-2020 21:00,28.6,63,100,16.8,0
05-06-2020 22:00,27.9,67,96,16.5,0
05-06-2020 23:00,27.3,69,93,16.3,0
06-06-2020 00:00,26.3,74,80,18.4,0
06-06-2020 01:00,25.5,79,53,18.7,0
06-06-2020 02:00,25.1,82,62,16.3,0
06-06-2020 03:00,24.9,82,83,12.7,0
06-06-2020 04:00,24.7,83,91,11.5,0
06-06-2020 05:00,24.6,84,34,11.4,0
06-06-2020 06:00,25.2,82,92,11.6,17
06-06-2020 07:00,26.6,74,91,12.3,144
06-06-2020 08:00,28.4,65,87,13.7,332
06-06-2020 09:00,30.5,55,90,13.8,557
06-06-2020 10:00,32,49,66,15.9,717
06-06-2020 11:00,32.4,47,70,15.9,712
06-06-2020 12:00,33.9,43,43,15.2,872
06-06-2020 13:00,34.8,41,30,14.4,847
06-06-2020 14:00,35.4,39,18,15.1,760
06-06-2020 15:00,35,39,24,17.3,621
06-06-2020 16:00,34.3,39,30,17.3,434
06-06-2020 17:00,33.6,39,34,21.7,255
06-06-2020 18:00,32.5,42,62,16.6,92
06-06-2020 19:00,31.1,49,67,18.7,3
06-06-2020 20:00,30.5,52,45,17.9,0
06-06-2020 21:00,29.4,59,54,21.8,0
06-06-2020 22:00,28.4,64,63,22.4,0
06-06-2020 23:00,27.3,69,82,20.7,0
07-06-2020 00:00,26.4,73,95,19.6,0
07-06-2020 01:00,25.7,78,98,18.5,0
07-06-2020 02:00,25.2,80,98,17.3,0
07-06-2020 03:00,24.8,82,12,16.6,0
07-06-2020 04:00,24.5,84,29,13.7,0
07-06-2020 05:00,24.9,82,26,10.4,0
07-06-2020 06:00,25.4,79,6,9.7,17
07-06-2020 07:00,26.7,73,12,13.4,154
07-06-2020 08:00,28.6,63,19,16.7,343
07-06-2020 09:00,30.1,56,22,18.9,523
07-06-2020 10:00,31.5,51,17,17.6,646
07-06-2020 11:00,33.2,44,68,17.8,773
07-06-2020 12:00,34.2,41,82,17.5,769
07-06-2020 13:00,35,40,90,18.4,813
07-06-2020 14:00,35.5,37,87,18.7,817
07-06-2020 15:00,31,58,98,30.2,596
07-06-2020 16:00,30.8,56,99,20.2,249
07-06-2020 17:00,31,52,99,21.6,197
07-06-2020 18:00,31.2,48,100,17.3,74
07-06-2020 19:00,30.1,52,98,18.3,3
07-06-2020 20:00,29.8,53,89,20.6,0
07-06-2020 21:00,29.3,55,85,22.3,0
07-06-2020 22:00,28.5,59,97,21,0
07-06-2020 23:00,27.7,63,94,20.6,0
08-06-2020 00:00,27.1,67,75,20,0
08-06-2020 01:00,26.5,71,91,19.9,0
08-06-2020 02:00,25.8,75,94,19.1,0
08-06-2020 03:00,25.4,78,91,20.5,0
08-06-2020 04:00,25.1,79,88,18.7,0
08-06-2020 05:00,25,80,95,15.5,0
08-06-2020 06:00,25.5,78,14,13.4,16
08-06-2020 07:00,26.7,71,51,15.2,150
08-06-2020 08:00,28.5,62,71,19.4,356
08-06-2020 09:00,30.3,54,48,18.7,552
08-06-2020 10:00,32,46,21,19.1,733
08-06-2020 11:00,33.3,41,20,18.8,811
08-06-2020 12:00,34.5,36,44,18.9,859
08-06-2020 13:00,35.5,33,47,18.7,867
08-06-2020 14:00,36.1,31,71,19.7,817
08-06-2020 15:00,35.6,33,87,21,635
08-06-2020 16:00,35,35,90,20,482
08-06-2020 17:00,34,37,100,19.2,284
08-06-2020 18:00,32.9,40,98,17.6,82
08-06-2020 19:00,32.2,42,99,14.6,3
08-06-2020 20:00,31.5,44,99,15.9,0
08-06-2020 21:00,30.5,50,85,19.3,0
08-06-2020 22:00,29.4,55,66,21.4,0
08-06-2020 23:00,28.3,60,63,21,0
09-06-2020 00:00,27.5,64,68,19.8,0
09-06-2020 01:00,26.7,67,72,18.4,0
09-06-2020 02:00,26.1,71,90,17.3,0
09-06-2020 03:00,25.6,74,100,17.3,0
09-06-2020 04:00,25.2,78,98,15.9,0
09-06-2020 05:00,25,79,92,15.2,0
09-06-2020 06:00,25.4,77,89,15.3,17
09-06-2020 07:00,26.7,70,97,18.8,154
09-06-2020 08:00,28.5,61,96,19.5,350
09-06-2020 09:00,30.7,52,98,18.3,557
09-06-2020 10:00,32.6,45,65,18.1,717
09-06-2020 11:00,34.4,38,95,18.4,837
09-06-2020 12:00,36.2,33,100,18.1,919
09-06-2020 13:00,36.3,33,100,17.9,721
09-06-2020 14:00,35.9,32,100,17.5,446
09-06-2020 15:00,35.6,32,100,17,321
09-06-2020 16:00,35.1,33,100,16.7,187
09-06-2020 17:00,34.7,34,99,19.6,117
09-06-2020 18:00,33.2,39,92,22.4,80
09-06-2020 19:00,30.6,55,100,19.9,4
09-06-2020 20:00,30.4,55,99,21.4,0
09-06-2020 21:00,29.8,58,99,21.6,0
09-06-2020 22:00,28.8,63,93,23.2,0
09-06-2020 23:00,28.2,65,96,22.3,0
10-06-2020 00:00,27.7,66,98,20.9,0
10-06-2020 01:00,27.1,68,91,18.7,0
10-06-2020 02:00,26.6,72,96,18.4,0
10-06-2020 03:00,26.1,75,79,17.7,0
10-06-2020 04:00,25.8,77,94,17,0
10-06-2020 05:00,25.9,77,100,14.6,0
10-06-2020 06:00,26.4,74,97,16.2,14
10-06-2020 07:00,27.2,70,99,17.6,101
10-06-2020 08:00,28.6,63,100,19.1,247
10-06-2020 09:00,30.2,56,100,19.5,397
10-06-2020 10:00,32.8,47,98,17.9,659
10-06-2020 11:00,33.5,44,100,16.6,563
10-06-2020 12:00,33.6,43,100,15.4,382
10-06-2020 13:00,34.4,40,99,13.3,387
10-06-2020 14:00,35.9,36,100,13,563
10-06-2020 15:00,35.5,37,100,12.7,376
10-06-2020 16:00,32.1,49,99,12.8,218
10-06-2020 17:00,29,61,100,15.8,164
10-06-2020 18:00,27.8,72,100,14.9,34
10-06-2020 19:00,26.1,88,97,13.6,1
10-06-2020 20:00,25.7,90,100,11,0
10-06-2020 21:00,25.4,92,100,10.5,0
10-06-2020 22:00,25.4,90,100,13.6,0
10-06-2020 23:00,25.3,90,100,18.1,0
11-06-2020 00:00,24.8,90,100,19.5,0
11-06-2020 01:00,24.6,91,100,20.9,0
11-06-2020 02:00,24.4,91,100,22,0
11-06-2020 03:00,24.3,91,100,19.5,0
11-06-2020 04:00,24.2,91,100,21.7,0
11-06-2020 05:00,24.2,91,100,14.4,0
11-06-2020 06:00,24.3,92,100,14,5
11-06-2020 07:00,24.5,92,100,14.4,41
11-06-2020 08:00,24.9,84,100,15.4,103
11-06-2020 09:00,25.5,85,100,17,145
11-06-2020 10:00,26.6,78,100,19.5,237
11-06-2020 11:00,27.3,73,100,19.6,256
11-06-2020 12:00,27.1,74,100,19.2,212
11-06-2020 13:00,28.3,67,100,20.9,405
11-06-2020 14:00,29.3,62,100,21.3,437
11-06-2020 15:00,29.5,57,100,25.9,427
11-06-2020 16:00,27.9,67,100,22.3,234
11-06-2020 17:00,27.1,69,100,18.8,138
11-06-2020 18:00,26.1,76,100,17.2,23
11-06-2020 19:00,25.4,82,100,15.7,1
11-06-2020 20:00,25,86,100,19.3,0
11-06-2020 21:00,24.4,89,100,19.7,0
11-06-2020 22:00,24.3,88,100,20.8,0
11-06-2020 23:00,24.2,88,99,20.8,0
12-06-2020 00:00,24,88,98,20.8,0
12-06-2020 01:00,23.9,87,95,20.1,0
12-06-2020 02:00,23.9,87,89,20.7,0
12-06-2020 03:00,23.8,87,96,22.7,0
12-06-2020 04:00,23.7,85,99,22.8,0
12-06-2020 05:00,23.7,85,100,18.5,0
12-06-2020 06:00,24.2,83,100,15.8,12
12-06-2020 07:00,25.1,78,99,16.6,75
12-06-2020 08:00,26.3,74,100,18.2,187
12-06-2020 09:00,27.9,66,100,23.6,322
12-06-2020 10:00,28.3,64,99,21.3,294
12-06-2020 11:00,30,57,100,25.5,487
12-06-2020 12:00,31.1,52,100,27.3,635
12-06-2020 13:00,30.8,54,100,28.5,524
12-06-2020 14:00,28.8,62,100,31.9,322
12-06-2020 15:00,29.1,61,100,25.9,269
12-06-2020 16:00,29.2,59,98,26.3,200
12-06-2020 17:00,27.8,64,99,23,141
12-06-2020 18:00,27.2,67,100,21.7,28
12-06-2020 19:00,26.7,68,100,20.1,1
12-06-2020 20:00,26.3,71,100,20.3,0
12-06-2020 21:00,26.1,73,99,20.1,0
12-06-2020 22:00,25.8,75,100,21.5,0
12-06-2020 23:00,25.6,76,99,21.1,0
13-06-2020 00:00,25.3,77,100,19.9,0
13-06-2020 01:00,25,79,100,18.3,0
13-06-2020 02:00,25.2,79,100,17.9,0
13-06-2020 03:00,25.2,79,100,20,0
13-06-2020 04:00,24.9,80,100,18.9,0
13-06-2020 05:00,24.7,80,100,14,0
13-06-2020 06:00,25.1,79,99,13.7,14
13-06-2020 07:00,26.2,75,92,16.3,110
13-06-2020 08:00,28.3,66,97,25.2,361
13-06-2020 09:00,29.5,60,100,25.3,460
13-06-2020 10:00,30.9,55,100,25.1,649
13-06-2020 11:00,32.2,49,99,24.7,752
13-06-2020 12:00,33.2,45,100,25.9,823
13-06-2020 13:00,32.5,48,99,27.3,659
13-06-2020 14:00,32.5,49,99,26.6,587
13-06-2020 15:00,32.5,49,99,28.2,533
13-06-2020 16:00,31.4,52,98,27.9,395
13-06-2020 17:00,30.9,52,93,25.7,241
13-06-2020 18:00,29.5,58,94,23.7,93
13-06-2020 19:00,28.3,64,67,21.7,4
13-06-2020 20:00,27.5,69,100,19.3,0
13-06-2020 21:00,27.2,70,100,19.7,0
13-06-2020 22:00,26.8,72,98,20,0
13-06-2020 23:00,26.4,74,78,18.7,0
14-06-2020 00:00,25.8,77,96,16.3,0
14-06-2020 01:00,25.6,78,99,16.3,0
14-06-2020 02:00,25.4,79,100,16,0
14-06-2020 03:00,25.1,81,99,14.8,0
14-06-2020 04:00,25,82,98,15.5,0
14-06-2020 05:00,25.6,80,90,14.5,0
14-06-2020 06:00,26.1,79,100,11.5,9
14-06-2020 07:00,26.4,78,100,14.9,53
14-06-2020 08:00,27.1,75,99,20,118
14-06-2020 09:00,28.9,66,99,25.8,289
14-06-2020 10:00,30.4,60,100,24.8,466
14-06-2020 11:00,31.7,56,100,26.6,828
14-06-2020 12:00,32.5,52,100,26.3,753
14-06-2020 13:00,33.3,50,100,26.8,802
14-06-2020 14:00,32.9,51,99,28.3,685
14-06-2020 15:00,32.5,52,100,26.1,529
14-06-2020 16:00,32.1,51,100,28.4,360
14-06-2020 17:00,31.3,55,99,26.3,248
14-06-2020 18:00,30.4,58,100,24.6,76
14-06-2020 19:00,29.1,64,99,23,3
14-06-2020 20:00,28.1,69,100,23.2,0
14-06-2020 21:00,27.3,73,100,21,0
14-06-2020 22:00,26.9,76,100,17.9,0
14-06-2020 23:00,26.6,77,100,19,0
15-06-2020 00:00,26,80,100,20.8,0
15-06-2020 01:00,25.5,81,99,20.4,0
15-06-2020 02:00,25.3,81,100,17.9,0
15-06-2020 03:00,25.3,80,98,18.2,0
15-06-2020 04:00,25.5,79,98,18.7,0
15-06-2020 05:00,25.2,81,98,16.9,0
15-06-2020 06:00,25.7,79,98,13.7,14
15-06-2020 07:00,27,73,97,23.3,122
15-06-2020 08:00,28.7,65,100,26.6,255
15-06-2020 09:00,29.6,60,99,26.8,291
15-06-2020 10:00,30.4,58,98,26.9,383
15-06-2020 11:00,32.7,50,97,26.1,690
15-06-2020 12:00,33.5,48,99,28.7,783
15-06-2020 13:00,33.8,46,99,29.4,765
15-06-2020 14:00,34.1,46,99,31,738
15-06-2020 15:00,32.9,50,98,29.3,570
15-06-2020 16:00,32.5,49,99,29.5,361
15-06-2020 17:00,31.8,51,98,27.4,213
15-06-2020 18:00,30.5,56,99,23.7,75
15-06-2020 19:00,29.4,61,99,24,4
15-06-2020 20:00,28.6,65,97,20.8,0
15-06-2020 21:00,27.8,68,97,18.8,0
15-06-2020 22:00,27.3,71,99,18.5,0
15-06-2020 23:00,26.8,73,100,16.4,0
16-06-2020 00:00,26.4,75,100,15,0
16-06-2020 01:00,26.1,76,99,16.6,0
16-06-2020 02:00,25.8,78,100,15.4,0
16-06-2020 03:00,25.7,79,100,15.3,0
16-06-2020 04:00,25.7,79,100,15.9,0
16-06-2020 05:00,25.9,77,100,15.1,0
16-06-2020 06:00,26.4,75,100,13.5,9
16-06-2020 07:00,27,73,100,16.1,72
16-06-2020 08:00,27.9,68,100,23.4,147
16-06-2020 09:00,28.8,65,99,25.6,228
16-06-2020 10:00,29.7,62,100,26.3,314
16-06-2020 11:00,31.5,55,100,27.4,566
16-06-2020 12:00,31.3,54,100,28.2,475
16-06-2020 13:00,32,50,100,28.4,494
16-06-2020 14:00,31.9,50,100,28.2,380
16-06-2020 15:00,32,50,100,29.4,463
16-06-2020 16:00,31.1,53,99,28.9,302
16-06-2020 17:00,29.4,60,98,24.4,207
16-06-2020 18:00,28.7,62,86,21.9,68
16-06-2020 19:00,27.7,67,99,19.9,4
16-06-2020 20:00,27.1,71,100,17.8,0
16-06-2020 21:00,26.7,74,100,15,0
16-06-2020 22:00,26.6,74,100,14.5,0
16-06-2020 23:00,26.4,74,100,15.1,0
17-06-2020 00:00,26,76,100,14.6,0
17-06-2020 01:00,25.9,77,100,16.3,0
17-06-2020 02:00,25.8,77,100,14.4,0
17-06-2020 03:00,25.8,77,100,14.6,0
17-06-2020 04:00,25.6,78,100,14.3,0
17-06-2020 05:00,25,85,100,12.1,0
17-06-2020 06:00,25.2,84,100,14.9,6
17-06-2020 07:00,25.4,83,100,13.5,64
17-06-2020 08:00,26.6,74,100,19.2,194
17-06-2020 09:00,27.2,72,100,20.9,262
17-06-2020 10:00,27.3,70,100,18.7,298
17-06-2020 11:00,29.8,60,100,30.3,703
17-06-2020 12:00,29.9,60,100,29.6,765
17-06-2020 13:00,28.1,68,100,23.4,333
17-06-2020 14:00,28.4,69,100,24.3,488
17-06-2020 15:00,28.2,69,100,25.8,415
17-06-2020 16:00,27.2,73,100,22.1,186
17-06-2020 17:00,28.6,64,100,19,228
17-06-2020 18:00,27.5,72,98,17.7,53
17-06-2020 19:00,26.4,76,99,16.3,3
17-06-2020 20:00,25.7,80,98,15.1,0
17-06-2020 21:00,25.4,82,100,13.4,0
17-06-2020 22:00,25.1,83,100,13.4,0
17-06-2020 23:00,24.8,84,100,14.2,0
